[1m[92m    Updating[0m crates.io index
[1m[92m Downloading[0m crates ...
[1m[92m  Downloaded[0m adler2 v2.0.1
[1m[92m  Downloaded[0m anstyle-query v1.1.5
[1m[92m  Downloaded[0m cfg-if v1.0.4
[1m[92m  Downloaded[0m cfg_aliases v0.1.1
[1m[92m  Downloaded[0m cpufeatures v0.2.17
[1m[92m  Downloaded[0m crypto-common v0.1.7
[1m[92m  Downloaded[0m block-buffer v0.10.4
[1m[92m  Downloaded[0m clap_lex v1.1.0
[1m[92m  Downloaded[0m colorchoice v1.0.5
[1m[92m  Downloaded[0m dirs-sys v0.5.0
[1m[92m  Downloaded[0m itoa v1.0.18
[1m[92m  Downloaded[0m inout v0.1.4
[1m[92m  Downloaded[0m is_terminal_polyfill v1.70.2
[1m[92m  Downloaded[0m filedescriptor v0.8.3
[1m[92m  Downloaded[0m anstyle v1.0.14
[1m[92m  Downloaded[0m anstyle-parse v1.0.0
[1m[92m  Downloaded[0m anstyle-wincon v3.0.11
[1m[92m  Downloaded[0m bitflags v1.3.2
[1m[92m  Downloaded[0m ct-codecs v1.1.7
[1m[92m  Downloaded[0m dirs v6.0.0
[1m[92m  Downloaded[0m downcast-rs v1.2.1
[1m[92m  Downloaded[0m equivalent v1.0.2
[1m[92m  Downloaded[0m fallible-streaming-iterator v0.1.9
[1m[92m  Downloaded[0m generic-array v0.14.7
[1m[92m  Downloaded[0m heck v0.5.0
[1m[92m  Downloaded[0m option-ext v0.2.0
[1m[92m  Downloaded[0m pbkdf2 v0.12.2
[1m[92m  Downloaded[0m rtoolbox v0.0.5
[1m[92m  Downloaded[0m scrypt v0.11.0
[1m[92m  Downloaded[0m serde_spanned v1.1.1
[1m[92m  Downloaded[0m shared_library v0.1.9
[1m[92m  Downloaded[0m shell-words v1.1.1
[1m[92m  Downloaded[0m strip-ansi-escapes v0.2.1
[1m[92m  Downloaded[0m strsim v0.11.1
[1m[92m  Downloaded[0m subtle v2.6.1
[1m[92m  Downloaded[0m ahash v0.8.12
[1m[92m  Downloaded[0m anstream v1.0.0
[1m[92m  Downloaded[0m anyhow v1.0.102
[1m[92m  Downloaded[0m arrayvec v0.7.6
[1m[92m  Downloaded[0m autocfg v1.5.1
[1m[92m  Downloaded[0m cipher v0.4.4
[1m[92m  Downloaded[0m digest v0.10.7
[1m[92m  Downloaded[0m fallible-iterator v0.3.0
[1m[92m  Downloaded[0m filetime v0.2.29
[1m[92m  Downloaded[0m foldhash v0.2.0
[1m[92m  Downloaded[0m hashlink v0.9.1
[1m[92m  Downloaded[0m hmac v0.12.1
[1m[92m  Downloaded[0m lazy_static v1.5.0
[1m[92m  Downloaded[0m minisign v0.7.9
[1m[92m  Downloaded[0m minisign-verify v0.2.5
[1m[92m  Downloaded[0m once_cell_polyfill v1.70.2
[1m[92m  Downloaded[0m pkg-config v0.3.33
[1m[92m  Downloaded[0m quote v1.0.45
[1m[92m  Downloaded[0m rpassword v7.5.4
[1m[92m  Downloaded[0m salsa20 v0.10.2
[1m[92m  Downloaded[0m serial2 v0.2.37
[1m[92m  Downloaded[0m sha2 v0.10.9
[1m[92m  Downloaded[0m shlex v2.0.1
[1m[92m  Downloaded[0m simd-adler32 v0.3.9
[1m[92m  Downloaded[0m thiserror v1.0.69
[1m[92m  Downloaded[0m windows-result v0.1.2
[1m[92m  Downloaded[0m windows-targets v0.52.6
[1m[92m  Downloaded[0m base64 v0.22.1
[1m[92m  Downloaded[0m clap v4.6.1
[1m[92m  Downloaded[0m clap_derive v4.6.1
[1m[92m  Downloaded[0m crc32fast v1.5.0
[1m[92m  Downloaded[0m find-msvc-tools v0.1.9
[1m[92m  Downloaded[0m getrandom v0.2.17
[1m[92m  Downloaded[0m log v0.4.32
[1m[92m  Downloaded[0m num-traits v0.2.19
[1m[92m  Downloaded[0m once_cell v1.21.4
[1m[92m  Downloaded[0m pin-project-lite v0.2.17
[1m[92m  Downloaded[0m serde_core v1.0.228
[1m[92m  Downloaded[0m serde_derive v1.0.228
[1m[92m  Downloaded[0m smallvec v1.15.1
[1m[92m  Downloaded[0m toml v1.1.2+spec-1.1.0
[1m[92m  Downloaded[0m utf8parse v0.2.2
[1m[92m  Downloaded[0m vte_generate_state_changes v0.1.2
[1m[92m  Downloaded[0m bitflags v2.13.0
[1m[92m  Downloaded[0m bytes v1.11.1
[1m[92m  Downloaded[0m diffy v0.5.1
[1m[92m  Downloaded[0m flate2 v1.1.9
[1m[92m  Downloaded[0m miniz_oxide v0.8.9
[1m[92m  Downloaded[0m proc-macro2 v1.0.106
[1m[92m  Downloaded[0m serde v1.0.228
[1m[92m  Downloaded[0m socket2 v0.6.4
[1m[92m  Downloaded[0m unicode-ident v1.0.24
[1m[92m  Downloaded[0m vte v0.14.1
[1m[92m  Downloaded[0m cc v1.2.63
[1m[92m  Downloaded[0m indexmap v2.14.0
[1m[92m  Downloaded[0m memchr v2.8.1
[1m[92m  Downloaded[0m mio v1.2.1
[1m[92m  Downloaded[0m thiserror-impl v1.0.69
[1m[92m  Downloaded[0m tokio-macros v2.7.0
[1m[92m  Downloaded[0m version_check v0.9.5
[1m[92m  Downloaded[0m hashbrown v0.14.5
[1m[92m  Downloaded[0m toml_datetime v1.1.1+spec-1.1.0
[1m[92m  Downloaded[0m toml_parser v1.1.2+spec-1.1.0
[1m[92m  Downloaded[0m toml_writer v1.1.1+spec-1.1.0
[1m[92m  Downloaded[0m vt100 v0.15.2
[1m[92m  Downloaded[0m windows-implement v0.57.0
[1m[92m  Downloaded[0m windows-interface v0.57.0
[1m[92m  Downloaded[0m windows-link v0.2.1
[1m[92m  Downloaded[0m hashbrown v0.17.1
[1m[92m  Downloaded[0m ntapi v0.4.3
[1m[92m  Downloaded[0m regex v1.12.4
[1m[92m  Downloaded[0m rusqlite v0.32.1
[1m[92m  Downloaded[0m serde_json v1.0.150
[1m[92m  Downloaded[0m typenum v1.20.1
[1m[92m  Downloaded[0m vte v0.11.1
[1m[92m  Downloaded[0m aho-corasick v1.1.4
[1m[92m  Downloaded[0m clap_builder v4.6.0
[1m[92m  Downloaded[0m sysinfo v0.33.1
[1m[92m  Downloaded[0m windows-core v0.57.0
[1m[92m  Downloaded[0m chrono v0.4.45
[1m[92m  Downloaded[0m winnow v1.0.3
[1m[92m  Downloaded[0m syn v2.0.117
[1m[92m  Downloaded[0m unicode-width v0.1.14
[1m[92m  Downloaded[0m vcpkg v0.2.15
[1m[92m  Downloaded[0m nix v0.28.0
[1m[92m  Downloaded[0m regex-syntax v0.8.11
[1m[92m  Downloaded[0m regex-automata v0.4.14
[1m[92m  Downloaded[0m libc v0.2.186
[1m[92m  Downloaded[0m windows_x86_64_msvc v0.52.6
[1m[92m  Downloaded[0m tokio v1.52.3
[1m[92m  Downloaded[0m winapi v0.3.9
[1m[92m  Downloaded[0m winreg v0.10.1
[1m[92m  Downloaded[0m zmij v1.0.21
[1m[92m  Downloaded[0m windows-sys v0.59.0
[1m[92m  Downloaded[0m windows-sys v0.61.2
[1m[92m  Downloaded[0m tar v0.4.46
[1m[92m  Downloaded[0m winresource v0.1.31
[1m[92m  Downloaded[0m zerocopy v0.8.52
[1m[92m  Downloaded[0m libsqlite3-sys v0.30.1
[1m[92m  Downloaded[0m windows v0.57.0
[1m[92m   Compiling[0m version_check v0.9.5
[1m[92m   Compiling[0m proc-macro2 v1.0.106
[1m[92m   Compiling[0m unicode-ident v1.0.24
[1m[92m   Compiling[0m quote v1.0.45
[1m[92m   Compiling[0m windows-link v0.2.1
[1m[92m   Compiling[0m windows-sys v0.61.2
[1m[92m   Compiling[0m cfg-if v1.0.4
[1m[92m   Compiling[0m generic-array v0.14.7
[1m[92m   Compiling[0m typenum v1.20.1
[1m[92m   Compiling[0m windows_x86_64_msvc v0.52.6
[1m[92m   Compiling[0m serde_core v1.0.228
[1m[92m   Compiling[0m syn v2.0.117
[1m[92m   Compiling[0m windows-targets v0.52.6
[1m[92m   Compiling[0m crypto-common v0.1.7
[1m[92m   Compiling[0m winapi v0.3.9
[1m[92m   Compiling[0m libc v0.2.186
[1m[92m   Compiling[0m memchr v2.8.1
[1m[92m   Compiling[0m block-buffer v0.10.4
[1m[92m   Compiling[0m zerocopy v0.8.52
[1m[92m   Compiling[0m subtle v2.6.1
[1m[92m   Compiling[0m zmij v1.0.21
[1m[92m   Compiling[0m utf8parse v0.2.2
[1m[92m   Compiling[0m digest v0.10.7
[1m[92m   Compiling[0m ahash v0.8.12
[1m[92m   Compiling[0m itoa v1.0.18
[1m[92m   Compiling[0m shlex v2.0.1
[1m[92m   Compiling[0m find-msvc-tools v0.1.9
[1m[92m   Compiling[0m winnow v1.0.3
[1m[92m   Compiling[0m serde_json v1.0.150
[1m[92m   Compiling[0m toml_parser v1.1.2+spec-1.1.0
[1m[92m   Compiling[0m cc v1.2.63
[1m[92m   Compiling[0m toml_datetime v1.1.1+spec-1.1.0
[1m[92m   Compiling[0m serde_spanned v1.1.1
[1m[92m   Compiling[0m once_cell v1.21.4
[1m[92m   Compiling[0m anstyle v1.0.14
[1m[92m   Compiling[0m thiserror v1.0.69
[1m[92m   Compiling[0m autocfg v1.5.1
[1m[92m   Compiling[0m once_cell_polyfill v1.70.2
[1m[92m   Compiling[0m cfg_aliases v0.1.1
[1m[92m   Compiling[0m pkg-config v0.3.33
[1m[92m   Compiling[0m vcpkg v0.2.15
[1m[92m   Compiling[0m num-traits v0.2.19
[1m[92m   Compiling[0m nix v0.28.0
[1m[92m   Compiling[0m anstyle-wincon v3.0.11
[1m[92m   Compiling[0m libsqlite3-sys v0.30.1
[1m[92m   Compiling[0m toml v1.1.2+spec-1.1.0
[1m[92m   Compiling[0m windows-implement v0.57.0
[1m[92m   Compiling[0m thiserror-impl v1.0.69
[1m[92m   Compiling[0m windows-interface v0.57.0
[1m[92m   Compiling[0m anstyle-parse v1.0.0
[1m[92m   Compiling[0m anstyle-query v1.1.5
[1m[92m   Compiling[0m inout v0.1.4
[1m[92m   Compiling[0m windows-result v0.1.2
[1m[92m   Compiling[0m windows-sys v0.59.0
[1m[92m   Compiling[0m colorchoice v1.0.5
[1m[92m   Compiling[0m is_terminal_polyfill v1.70.2
[1m[92m   Compiling[0m ntapi v0.4.3
[1m[92m   Compiling[0m anyhow v1.0.102
[1m[92m   Compiling[0m winreg v0.10.1
[1m[92m   Compiling[0m crc32fast v1.5.0
[1m[92m   Compiling[0m bitflags v2.13.0
[1m[92m   Compiling[0m cpufeatures v0.2.17
[1m[92m   Compiling[0m sha2 v0.10.9
[1m[92m   Compiling[0m anstream v1.0.0
[1m[92m   Compiling[0m windows-core v0.57.0
[1m[92m   Compiling[0m hashbrown v0.14.5
[1m[92m   Compiling[0m cipher v0.4.4
[1m[92m   Compiling[0m winresource v0.1.31
[1m[92m   Compiling[0m hmac v0.12.1
[1m[92m   Compiling[0m aho-corasick v1.1.4
[1m[92m   Compiling[0m vte_generate_state_changes v0.1.2
[1m[92m   Compiling[0m simd-adler32 v0.3.9
[1m[92m   Compiling[0m regex-syntax v0.8.11
[1m[92m   Compiling[0m lazy_static v1.5.0
[1m[92m   Compiling[0m arrayvec v0.7.6
[1m[92m   Compiling[0m option-ext v0.2.0
[1m[92m   Compiling[0m foldhash v0.2.0
[1m[92m   Compiling[0m serde v1.0.228
[1m[92m   Compiling[0m heck v0.5.0
[1m[92m   Compiling[0m strsim v0.11.1
[1m[92m   Compiling[0m adler2 v2.0.1
[1m[92m   Compiling[0m log v0.4.32
[1m[92m   Compiling[0m clap_lex v1.1.0
[1m[92m   Compiling[0m clap_builder v4.6.0
[1m[92m   Compiling[0m miniz_oxide v0.8.9
[1m[92m   Compiling[0m regex-automata v0.4.14
[1m[92m   Compiling[0m clap_derive v4.6.1
[1m[92m   Compiling[0m hashbrown v0.17.1
[1m[92m   Compiling[0m dirs-sys v0.5.0
[1m[92m   Compiling[0m vte v0.11.1
[1m[92m   Compiling[0m rtoolbox v0.0.5
[1m[92m   Compiling[0m shared_library v0.1.9
[1m[92m   Compiling[0m pbkdf2 v0.12.2
[1m[92m   Compiling[0m cys-terminal v0.14.43 (D:\a\cys-terminal\cys-terminal\p)
[1m[92m   Compiling[0m salsa20 v0.10.2
[1m[92m   Compiling[0m filedescriptor v0.8.3
[1m[92m   Compiling[0m windows v0.57.0
[1m[92m   Compiling[0m hashlink v0.9.1
[1m[92m   Compiling[0m serde_derive v1.0.228
[1m[92m   Compiling[0m tokio-macros v2.7.0
[1m[92m   Compiling[0m vte v0.14.1
[1m[92m   Compiling[0m serial2 v0.2.37
[1m[92m   Compiling[0m socket2 v0.6.4
[1m[92m   Compiling[0m mio v1.2.1
[1m[92m   Compiling[0m filetime v0.2.29
[1m[92m   Compiling[0m smallvec v1.15.1
[1m[92m   Compiling[0m bytes v1.11.1
[1m[92m   Compiling[0m pin-project-lite v0.2.17
[1m[92m   Compiling[0m fallible-iterator v0.3.0
[1m[92m   Compiling[0m fallible-streaming-iterator v0.1.9
[1m[92m   Compiling[0m shell-words v1.1.1
[1m[92m   Compiling[0m bitflags v1.3.2
[1m[92m   Compiling[0m unicode-width v0.1.14
[1m[92m   Compiling[0m downcast-rs v1.2.1
[1m[92m   Compiling[0m portable-pty v0.9.0 (D:\a\cys-terminal\cys-terminal\p\vendor\portable-pty)
[1m[92m   Compiling[0m vt100 v0.15.2
[1m[92m   Compiling[0m rusqlite v0.32.1
[1m[92m   Compiling[0m tokio v1.52.3
[1m[92m   Compiling[0m tar v0.4.46
[1m[92m   Compiling[0m strip-ansi-escapes v0.2.1
[1m[92m   Compiling[0m flate2 v1.1.9
[1m[92m   Compiling[0m chrono v0.4.45
[1m[92m   Compiling[0m scrypt v0.11.0
[1m[92m   Compiling[0m rpassword v7.5.4
[1m[92m   Compiling[0m dirs v6.0.0
[1m[92m   Compiling[0m clap v4.6.1
[1m[92m   Compiling[0m diffy v0.5.1
[1m[92m   Compiling[0m regex v1.12.4
[1m[92m   Compiling[0m getrandom v0.2.17
[1m[92m   Compiling[0m minisign-verify v0.2.5
[1m[92m   Compiling[0m ct-codecs v1.1.7
[1m[92m   Compiling[0m base64 v0.22.1
[1m[92m   Compiling[0m minisign v0.7.9
[1m[92m   Compiling[0m sysinfo v0.33.1
[1m[93mwarning[0m[1m[97m: method `unix_setsid` is never used[0m
   [1m[96m--> [0msrc\lib.rs:295:14
    [1m[96m|[0m
[1m[96m272[0m [1m[96m|[0m impl ChildLifetime {
    [1m[96m|[0m [1m[96m------------------[0m [1m[96mmethod in this implementation[0m
[1m[96m...[0m
[1m[96m295[0m [1m[96m|[0m     const fn unix_setsid(self) -> bool {
    [1m[96m|[0m              [1m[93m^^^^^^^^^^^[0m
    [1m[96m|[0m
    [1m[96m= [0m[1m[97mnote[0m: `#[warn(dead_code)]` (part of `#[warn(unused)]`) on by default

[1m[93mwarning[0m: `cys-terminal` (lib) generated 1 warning
[1m[93mwarning[0m[1m[97m: unused import: `check_surfaces`[0m
     [1m[96m--> [0msrc\bin\cysd\governance.rs:11421:37
      [1m[96m|[0m
[1m[96m11421[0m [1m[96m|[0m         approval_wakeup_suppressed, check_surfaces, collect_descendants, endpoint_key,
      [1m[96m|[0m                                     [1m[93m^^^^^^^^^^^^^^[0m
      [1m[96m|[0m
      [1m[96m= [0m[1m[97mnote[0m: `#[warn(unused_imports)]` (part of `#[warn(unused)]`) on by default

[1m[93mwarning[0m[1m[97m: unused import: `run_auto_restore_once`[0m
    [1m[96m--> [0msrc\bin\cysd\main.rs:4971:9
     [1m[96m|[0m
[1m[96m4971[0m [1m[96m|[0m         run_auto_restore_once, AutoRestore,
     [1m[96m|[0m         [1m[93m^^^^^^^^^^^^^^^^^^^^^[0m

[1m[93mwarning[0m[1m[97m: use of deprecated method `std::sync::atomic::Atomic::<u64>::fetch_update`: renamed to `try_update` for consistency[0m
    [1m[96m--> [0msrc\bin\cysd\state.rs:1277:14
     [1m[96m|[0m
[1m[96m1277[0m [1m[96m|[0m             .fetch_update(Ordering::AcqRel, Ordering::Acquire, |n| Some(n.saturating_sub(1)));
     [1m[96m|[0m              [1m[93m^^^^^^^^^^^^[0m
     [1m[96m|[0m
     [1m[96m= [0m[1m[97mnote[0m: `#[warn(deprecated)]` on by default
[1m[96mhelp[0m: replace the use of the deprecated method
     [1m[96m|[0m
[1m[96m1277[0m [91m- [0m            .[91mfetch_update[0m(Ordering::AcqRel, Ordering::Acquire, |n| Some(n.saturating_sub(1)));
[1m[96m1277[0m [92m+ [0m            .[92mtry_update[0m(Ordering::AcqRel, Ordering::Acquire, |n| Some(n.saturating_sub(1)));
     [1m[96m|[0m

[1m[93mwarning[0m[1m[97m: function `lock_retry_schedule` is never used[0m
    [1m[96m--> [0msrc\bin\cysd\main.rs:1791:4
     [1m[96m|[0m
[1m[96m1791[0m [1m[96m|[0m fn lock_retry_schedule() -> Vec<std::time::Duration> {
     [1m[96m|[0m    [1m[93m^^^^^^^^^^^^^^^^^^^[0m
     [1m[96m|[0m
     [1m[96m= [0m[1m[97mnote[0m: `#[warn(dead_code)]` (part of `#[warn(unused)]`) on by default

[1m[93mwarning[0m[1m[97m: function `schedule_for_budget` is never used[0m
    [1m[96m--> [0msrc\bin\cysd\main.rs:1800:4
     [1m[96m|[0m
[1m[96m1800[0m [1m[96m|[0m fn schedule_for_budget(budget_ms: u64) -> Vec<std::time::Duration> {
     [1m[96m|[0m    [1m[93m^^^^^^^^^^^^^^^^^^^[0m

[1m[93mwarning[0m[1m[97m: function `jittered` is never used[0m
    [1m[96m--> [0msrc\bin\cysd\main.rs:1814:4
     [1m[96m|[0m
[1m[96m1814[0m [1m[96m|[0m fn jittered(d: std::time::Duration) -> std::time::Duration {
     [1m[96m|[0m    [1m[93m^^^^^^^^[0m

[1m[93mwarning[0m[1m[97m: method `foldable_len` is never used[0m
   [1m[96m--> [0msrc\bin\cysd\alert_route.rs:852:12
    [1m[96m|[0m
[1m[96m554[0m [1m[96m|[0m impl RouteState {
    [1m[96m|[0m [1m[96m---------------[0m [1m[96mmethod in this implementation[0m
[1m[96m...[0m
[1m[96m852[0m [1m[96m|[0m     pub fn foldable_len(&self) -> usize {
    [1m[96m|[0m            [1m[93m^^^^^^^^^^^^[0m

[1m[93mwarning[0m[1m[97m: function `cso_seats` is never used[0m
    [1m[96m--> [0msrc\bin\cysd\alert_route.rs:1767:8
     [1m[96m|[0m
[1m[96m1767[0m [1m[96m|[0m pub fn cso_seats(daemon: &Arc<Daemon>) -> (Vec<u64>, Vec<u64>) {
     [1m[96m|[0m        [1m[93m^^^^^^^^^[0m

[1m[93mwarning[0m[1m[97m: function `queue_holds_entry` is never used[0m
    [1m[96m--> [0msrc\bin\cysd\alert_route.rs:2355:4
     [1m[96m|[0m
[1m[96m2355[0m [1m[96m|[0m fn queue_holds_entry(daemon: &Arc<Daemon>, entry_id: &str) -> bool {
     [1m[96m|[0m    [1m[93m^^^^^^^^^^^^^^^^^[0m

[1m[93mwarning[0m[1m[97m: function `echo_token` is never used[0m
    [1m[96m--> [0msrc\bin\cysd\boot_supervisor.rs:1158:8
     [1m[96m|[0m
[1m[96m1158[0m [1m[96m|[0m pub fn echo_token(nonce: &str) -> String {
     [1m[96m|[0m        [1m[93m^^^^^^^^^^[0m

[1m[93mwarning[0m[1m[97m: constant `EVIDENCE` is never used[0m
    [1m[96m--> [0msrc\bin\cysd\boot_supervisor.rs:4744:15
     [1m[96m|[0m
[1m[96m4744[0m [1m[96m|[0m         const EVIDENCE: [(&str, &str); 8] = [
     [1m[96m|[0m               [1m[93m^^^^^^^^[0m

[1m[93mwarning[0m[1m[97m: variant `Failed` is never constructed[0m
   [1m[96m--> [0msrc\bin\cysd\delivery.rs:536:5
    [1m[96m|[0m
[1m[96m532[0m [1m[96m|[0m pub(crate) enum DirSyncMiss {
    [1m[96m|[0m                 [1m[96m-----------[0m [1m[96mvariant in this enum[0m
[1m[96m...[0m
[1m[96m536[0m [1m[96m|[0m     Failed(String),
    [1m[96m|[0m     [1m[93m^^^^^^[0m
    [1m[96m|[0m
    [1m[96m= [0m[1m[97mnote[0m: `DirSyncMiss` has a derived impl for the trait `Debug`, but this is intentionally ignored during dead code analysis

[1m[93mwarning[0m[1m[97m: function `note_call` is never used[0m
   [1m[96m--> [0msrc\bin\cysd\delivery.rs:591:19
    [1m[96m|[0m
[1m[96m591[0m [1m[96m|[0m     pub(crate) fn note_call(real_err: bool) {
    [1m[96m|[0m                   [1m[93m^^^^^^^^^[0m

[1m[93mwarning[0m[1m[97m: function `attempts` is never used[0m
   [1m[96m--> [0msrc\bin\cysd\delivery.rs:597:19
    [1m[96m|[0m
[1m[96m597[0m [1m[96m|[0m     pub(crate) fn attempts() -> u64 {
    [1m[96m|[0m                   [1m[93m^^^^^^^^[0m

[1m[93mwarning[0m[1m[97m: function `real_errors` is never used[0m
   [1m[96m--> [0msrc\bin\cysd\delivery.rs:601:19
    [1m[96m|[0m
[1m[96m601[0m [1m[96m|[0m     pub(crate) fn real_errors() -> u64 {
    [1m[96m|[0m                   [1m[93m^^^^^^^^^^^[0m

[1m[93mwarning[0m[1m[97m: function `fault_armed` is never used[0m
   [1m[96m--> [0msrc\bin\cysd\delivery.rs:604:19
    [1m[96m|[0m
[1m[96m604[0m [1m[96m|[0m     pub(crate) fn fault_armed() -> bool {
    [1m[96m|[0m                   [1m[93m^^^^^^^^^^^[0m

[1m[93mwarning[0m[1m[97m: struct `Fault` is never constructed[0m
   [1m[96m--> [0msrc\bin\cysd\delivery.rs:608:23
    [1m[96m|[0m
[1m[96m608[0m [1m[96m|[0m     pub(crate) struct Fault;
    [1m[96m|[0m                       [1m[93m^^^^^[0m

[1m[93mwarning[0m[1m[97m: associated function `arm` is never used[0m
   [1m[96m--> [0msrc\bin\cysd\delivery.rs:610:23
    [1m[96m|[0m
[1m[96m609[0m [1m[96m|[0m     impl Fault {
    [1m[96m|[0m     [1m[96m----------[0m [1m[96massociated function in this implementation[0m
[1m[96m610[0m [1m[96m|[0m         pub(crate) fn arm() -> Self {
    [1m[96m|[0m                       [1m[93m^^^[0m

[1m[93mwarning[0m[1m[97m: calls to `std::mem::drop` with a value that implements `Copy` does nothing[0m
     [1m[96m--> [0msrc\bin\cysd\handlers.rs:28762:9
      [1m[96m|[0m
[1m[96m28762[0m [1m[96m|[0m         drop(old);
      [1m[96m|[0m         [1m[93m^^^^^[0m[1m[96m---[0m[1m[93m^[0m
      [1m[96m|[0m              [1m[96m|[0m
      [1m[96m|[0m              [1m[96margument has type `u64`[0m
      [1m[96m|[0m
      [1m[96m= [0m[1m[97mnote[0m: `#[warn(dropping_copy_types)]` on by default
[1m[96mhelp[0m: use `let _ = ...` to ignore the expression or result
      [1m[96m|[0m
[1m[96m28762[0m [91m- [0m        [91mdrop([0mold[91m)[0m;
[1m[96m28762[0m [92m+ [0m        [92mlet _ = [0mold;
      [1m[96m|[0m

[1m[93mwarning[0m: `cys-terminal` (bin "cysd" test) generated 19 warnings (run `cargo fix --bin "cysd" -p cys-terminal --tests` to apply 3 suggestions)
[1m[92m    Finished[0m `test` profile [unoptimized + debuginfo] target(s) in 2m 44s
[1m[92m     Running[0m unittests src\bin\cysd\main.rs (target\debug\deps\cysd-bc8fa840eaf549aa.exe)

running 1900 tests
test abi_frame_tests::k1_drift_log_due_truth_table ... ok
test abi_frame_tests::k1_drift_log_gate_admits_exactly_one_per_window_under_contention ... ok
test abi_frame_tests::k1_drift_log_line_keeps_legacy_prefix_and_appends_suppressed_count ... ok
test abi_frame_tests::k1_frame_line_float_inexact_fallback_is_byte_identical_counts_and_never_logs ... ok
test abi_frame_tests::k1_frame_line_ok_path_bytes_unchanged_and_silent ... ok
test abi_frame_tests::k1_frame_line_real_drift_counts_and_logs_once_per_minute_with_suppressed_count ... ok
test abi_frame_tests::k1_frame_line_real_globals_count_float_inexact_with_identical_bytes ... ok
test abi_frame_tests::k1_frame_line_wires_the_global_state_and_has_no_panicking_print ... ok
test abi_severity_tests::abi_error_to_severity ... ok
test abi_severity_tests::k1_float_inexact_is_not_critical_while_drift_still_is ... ok
test accounts::tests::agy_error_annotates_an_existing_row_without_the_data_dir ... ok
test accounts::tests::agy_error_creates_row_only_on_the_seed_evidence ... ok
test accounts::tests::agy_error_without_any_agy_trace_creates_no_account_row ... ok
test accounts::tests::agy_statusline_becomes_the_authoritative_source ... ok
test accounts::tests::alert_input_keeps_the_seat_value_when_an_outside_report_is_newer ... ok
test accounts::tests::alternating_seat_and_outside_reports_do_not_refire_within_remind ... ok
test accounts::tests::antigravity_observation_labels_the_real_data_dir ... ok
test accounts::tests::b1_units::b1_alias_file_is_reread_only_when_the_file_changes_and_never_checked_inside_sixty_seconds ... ok
test accounts::tests::b1_units::b1_alias_for_prefers_account_id_over_label ... ok
test accounts::tests::b1_units::b1_alias_is_display_only_and_never_reaches_alert_keys_labels_or_events ... ok
test accounts::tests::b1_units::b1_alias_is_not_referenced_by_alert_code_source_pin ... ok
test accounts::tests::b1_units::b1_boot_seed_loads_aliases_once_and_rows_carry_the_alias ... ok
test accounts::tests::b1_units::b1_current_profiles_follow_the_folder_login_while_profiles_stay_additive ... ok
test accounts::tests::b1_units::b1_current_profiles_for_table ... ok
test accounts::tests::b1_units::b1_known_profile_identities_reuse_the_b3_cache_and_read_the_default_profile_login ... ok
test accounts::tests::b1_units::b1_lock_order_wiring_pins ... ok
test accounts::tests::b1_units::b1_parse_alias_table_shapes ... ok
test accounts::tests::b1_units::b1_sanitize_alias_table ... ok
test accounts::tests::b1_units::b1_unusable_alias_files_mean_no_aliases_and_clear_the_old_table ... ok
test accounts::tests::b1_units::b1b_boot_chain_reads_declared_accounts_only_through_the_safe_reader_source_pin ... ok
test accounts::tests::b1_units::b1b_declared_accounts_between_the_two_caps_load_while_aliases_do_not ... ok
test accounts::tests::b1_units::b1b_declared_accounts_file_over_one_mebibyte_is_no_declared_accounts ... ok
test accounts::tests::b1_units::b1b_declared_accounts_views_match_the_old_loader_on_a_regular_file ... ok
test accounts::tests::b1_units::b1b_spawn_custom_adapters_still_spawns_the_cmd_adapters_of_a_regular_file ... ok
test accounts::tests::b1_units::b1b_unreadable_declared_files_mean_no_declared_accounts ... ok
test accounts::tests::b3_scenarios::b3_login_switch_retires_the_old_account_alert_after_thirty_minutes ... ok
test accounts::tests::b3_scenarios::b3_resolved_reason_is_cleared_when_the_value_drops ... ok
test accounts::tests::b3_scenarios::b3_restored_snapshot_without_a_user_stays_silent_and_with_a_user_fires ... ok
test accounts::tests::b3_scenarios::b3_stale_hold_keeps_the_fired_time_so_re_eligibility_inside_remind_does_not_refire ... ok
test accounts::tests::b3_scenarios::b3_unchanged_login_keeps_the_account_alert_until_its_window_resets ... ok
test accounts::tests::b3_scenarios::b3_unreadable_identity_keeps_the_account_alert ... ok
test accounts::tests::b3_units::b3_account_in_use_table ... ok
test accounts::tests::b3_units::b3_alert_eligible_table ... ok
test accounts::tests::b3_units::b3_alert_rows_carry_age_in_use_reset_and_held ... ok
test accounts::tests::b3_units::b3_fired_alert_detail_carries_observation_meta ... ok
test accounts::tests::b3_units::b3_local_json_rows_carry_in_use_rate_observed_at_and_alert_eligible ... 
thread '<unnamed>' (4276) panicked at src\bin\cysd\accounts.rs:3902:17:
surfaces 락 오염(검체)
note: run with `RUST_BACKTRACE=1` environment variable to display a backtrace
ok
test accounts::tests::b3_units::b3_lock_order_wiring_pins ... ok
test accounts::tests::b3_units::b3_note_rate_resolved_returns_the_attributed_account_and_bool_wrappers_keep_their_meaning ... ok
test accounts::tests::b3_units::b3_seat_identity_view_reads_the_current_folder_login_of_live_claude_seats ... ok
test accounts::tests::b3_units::b3_seat_in_use_table ... ok
test accounts::tests::b3_units::b3_stale_knob_parser ... ok
test accounts::tests::b3_units::b3_view_checks_each_folder_at_most_once_per_sixty_seconds ... ok
test accounts::tests::b3_units::b3_zero_knob_keeps_the_old_login_alert_and_the_default_retires_it ... ok
test accounts::tests::default_profile_identity_reads_home_level_claude_json ... ok
test accounts::tests::default_profile_session_is_attributed ... ok
test accounts::tests::fatal_fix_alternating_agy_seats_do_not_refire_the_account_alert ... ok
test accounts::tests::fatal_fix_alternating_same_window_reports_keep_the_max_and_do_not_refire ... ok
test accounts::tests::fatal_fix_session_in_profile_folds_notation_only ... ok
test accounts::tests::fatal_fix_windows_past_their_reset_are_not_alert_inputs ... ok
test accounts::tests::identity_parse_and_junk_dir_skip ... ok
test accounts::tests::manual_documents_the_agy_statusline_autolink_contract ... ok
test accounts::tests::manual_gives_a_windows_agy_statusline_example ... ok
test accounts::tests::manual_states_that_alert_separation_is_not_an_auth_boundary ... ok
test accounts::tests::outside_latest_at_every_tick_does_not_hide_the_seat_alert ... ok
test accounts::tests::outside_report_attributes_a_real_transcript_in_a_known_profile ... ok
test accounts::tests::outside_report_is_rate_limited_per_profile ... ok
test accounts::tests::outside_report_label_does_not_rekey_or_refire_account_alerts ... ok
test accounts::tests::outside_report_rejects_paths_that_prove_nothing ... ok
test accounts::tests::outside_shape_rejects_malformed_reports ... ok
test accounts::tests::outside_values_are_display_only_not_alert_inputs ... ok
test accounts::tests::plan_falls_back_to_org_tier_when_user_tier_is_null ... ok
test accounts::tests::predict_exhaust_pins ... ok
test accounts::tests::profile_dir_extraction ... ok
test accounts::tests::r1f_us::r1f_a_below_threshold_stale_window_does_not_hold_another_seats_fired_key ... ok
test accounts::tests::r1f_us::r1f_a_failed_listing_is_not_the_same_as_no_profile_folders ... ok
test accounts::tests::r1f_us::r1f_a_failed_read_keeps_the_previous_identity_for_one_cycle_only ... ok
test accounts::tests::r1f_us::r1f_a_folder_another_request_is_still_reading_for_the_first_time_is_unread_not_no_login ... ok
test accounts::tests::r1f_us::r1f_a_logged_out_folder_or_one_without_an_identity_file_gives_an_empty_current_profiles_not_an_absent_key ... ok
test accounts::tests::r1f_us::r1f_a_report_fills_the_identity_cache_without_reading_again ... ok
test accounts::tests::r1f_us::r1f_a_seat_folder_outside_the_naming_rules_still_shows_its_account_as_current ... ok
test accounts::tests::r1f_us::r1f_a_shared_alert_key_publishes_the_value_and_the_meta_of_the_same_input ... ok
test accounts::tests::r1f_us::r1f_a_stalled_read_blocks_one_request_per_folder_per_minute_because_the_slot_is_taken_before_the_io ... ok
test accounts::tests::r1f_us::r1f_alert_tick_never_reads_the_identity_file_so_a_login_switch_is_seen_only_after_a_report_or_a_query ... ok
test accounts::tests::r1f_us::r1f_alias_for_default_rows_looks_at_the_label_key_first ... ok
test accounts::tests::r1f_us::r1f_an_above_threshold_stale_window_still_holds_the_key ... ok
test accounts::tests::r1f_us::r1f_an_out_of_rules_seat_folder_follows_the_same_split_logged_out_is_empty_and_unreadable_is_absent ... ok
test accounts::tests::r1f_us::r1f_cached_and_read_through_snapshots_agree_once_the_cache_is_warm ... ok
test accounts::tests::r1f_us::r1f_current_profiles_key_is_absent_only_for_an_unread_folder_or_a_failed_listing ... ok
test accounts::tests::r1f_us::r1f_local_json_omits_current_profiles_for_an_unreadable_folder_and_for_every_claude_row_when_the_listing_fails ... ok
test accounts::tests::r1f_us::r1f_merge_seat_folders_adds_a_seat_folder_once_in_the_profiles_notation ... ok
test accounts::tests::r1f_us::r1f_parse_identity_outcome_table ... ok
test accounts::tests::r1f_us::r1f_profile_folder_listing_is_cached_for_sixty_seconds ... ok
test accounts::tests::r1f_us::r1f_sanitize_alias_also_strips_bidi_controls_and_zero_width_characters ... ok
test accounts::tests::r1f_us::r1f_seat_folder_states_split_a_none_identity_into_no_login_and_unread_from_the_cache ... ok
test accounts::tests::r1f_us::r1f_watchdog_identity_chain_has_no_file_access_source_pin ... ok
test accounts::tests::r1f_us::r1f_watchdog_view_is_cache_only_an_empty_cache_is_unknown_and_an_expired_entry_keeps_its_last_value ... ok
test accounts::tests::r1f_us::r2f_dm_strs_folds_windows_separators_and_the_two_windows_red_tests_use_it ... ok
test accounts::tests::resolve_agents ... ok
test accounts::tests::seed_discovers_default_profile_and_antigravity_data_dir ... ok
test accounts::tests::snapshot_restore_keeps_outside_values_out_of_alert_inputs ... ok
test accounts::tests::snapshot_restore_takes_the_alert_label_from_seat_rows ... ok
test accounts::tests::source_error_is_exposed_until_a_fresh_observation_clears_it ... ok
test alert_route::b3_summary_tests::b3_legacy_knob_renders_the_pre_b3_bytes ... ok
test alert_route::b3_summary_tests::b3_new_summaries_survive_revalidation_byte_identical ... ok
test alert_route::b3_summary_tests::b3_other_alert_kinds_keep_the_generic_summary ... ok
test alert_route::b3_summary_tests::b3_rate_alert_summaries_carry_integer_tokens_after_the_legacy_part ... ok
test alert_route::b3_summary_tests::b3_rate_alert_summary_fits_the_byte_cap_with_worst_case_digits ... ok
test alert_route::b3_summary_tests::b3_rate_alert_tokens_follow_the_tri_state_and_omit_what_is_unknown ... ok
test alert_route::b3_summary_tests::b3_usage_alert_resolved_is_never_routed ... ok
test alert_route::b3_summary_tests::b3_window_label_allowlist_is_exact_and_survives_revalidation ... ok
test alert_route::b3_summary_tests::r2f_dm_queue_starved_summary_never_ends_in_a_partial_remedy_token ... ok
test alert_route::b3_summary_tests::r2f_dm_rate_alert_summary_worst_case_format_is_whole_and_overflow_drops_whole_tail_tokens ... ok
test alert_route::b3_summary_tests::r2f_dm_sanitize_summary_drops_a_partial_tail_token_and_keeps_boundary_cuts ... ok
test alert_route::pure_tests::ack_keeps_the_row_when_a_new_observation_arrived ... ok
test alert_route::pure_tests::ack_removes_the_row_when_no_new_observation_arrived ... ok
test alert_route::pure_tests::boot_grace_has_first_hold_priority ... ok
test alert_route::pure_tests::c5_queue_starved_summary_appends_remedy_code_only ... ok
test alert_route::pure_tests::c5_queue_starved_summary_rejects_free_string_remedy_codes ... ok
test alert_route::pure_tests::c5_restored_summary_keeps_allowlisted_remedy_and_folds_others ... ok
test alert_route::pure_tests::commit_fold_rechecks_admission_even_when_the_count_matches_the_snapshot ... ok
test alert_route::pure_tests::commit_fold_skips_changed_counts_but_folds_unchanged_candidates ... ok
test alert_route::pure_tests::cooldown_has_fourth_hold_priority ... ok
test alert_route::pure_tests::cooldown_opens_at_exactly_three_hundred_seconds ... ok
test alert_route::pure_tests::cso_role_scope_is_one_predicate_shared_by_routing_and_the_privileged_gate ... ok
test alert_route::pure_tests::decide_distinguishes_bound_empty_seats_from_absent_cso_seats ... ok
test alert_route::pure_tests::decide_separates_detail_cooldowns ... ok
test alert_route::pure_tests::duplicate_procs_payload_never_carries_process_argv_into_the_seat ... ok
test alert_route::pure_tests::emitted_events_are_never_routable ... ok
test alert_route::pure_tests::enabled_from_accepts_only_explicit_false_values ... ok
test alert_route::pure_tests::fold_candidates_exclude_rows_with_an_admission_marker ... ok
test alert_route::pure_tests::fold_candidates_stay_empty_at_and_below_the_pending_limit ... ok
test alert_route::pure_tests::fold_equal_rank_and_age_uses_key_order ... ok
test alert_route::pure_tests::generic_payload_sorts_limits_and_excludes_denied_keys ... ok
test alert_route::pure_tests::generic_value_is_opaque_for_every_string_shape_and_raw_only_for_scalars ... ok
test alert_route::pure_tests::hard_limit_always_accepts_each_one_shot_name_and_its_repeats ... ok
test alert_route::pure_tests::hard_limit_rejects_new_discardable_keys_but_accepts_everything_that_does_not_come_back ... ok
test alert_route::pure_tests::health_alert_rules_do_not_collapse_into_one_key ... ok
test alert_route::pure_tests::hourly_cap_expires_with_the_window ... ok
test alert_route::pure_tests::hourly_cap_has_fifth_hold_priority ... ok
test alert_route::pure_tests::ignored_observation_is_rate_limited_but_judgement_is_not ... ok
test alert_route::pure_tests::key_detail_hashes_when_cleaning_changed_the_rule ... ok
test alert_route::pure_tests::known_payloads_have_exact_formats ... ok
test alert_route::pure_tests::marking_admitted_keeps_the_original_row_and_resets_its_count ... ok
test alert_route::pure_tests::minute_window_counts_bursts_and_expires_old_buckets ... ok
test alert_route::pure_tests::minute_window_negative_fraction_uses_floor ... ok
test alert_route::pure_tests::missing_surface_is_held_instead_of_ignored ... ok
test alert_route::pure_tests::no_cso_has_third_hold_priority ... ok
test alert_route::pure_tests::overflow_folds_repeating_facts_before_one_shot_ones ... ok
test alert_route::pure_tests::overflow_folds_until_the_limit_holds_and_preserves_observations ... ok
test alert_route::pure_tests::parse_folded_counts_an_identical_retry_once_but_keeps_a_distinct_fold ... ok
test alert_route::pure_tests::parse_folded_discards_broken_unroutable_and_overflow_rows_only ... ok
test alert_route::pure_tests::parse_folded_merges_distinct_rows_by_key_and_sums_their_counts ... ok
test alert_route::pure_tests::parse_folded_orders_by_one_rule_shared_with_folding ... ok
test alert_route::pure_tests::parse_folded_orders_one_shots_before_recurring_facts_and_older_rows_first ... ok
test alert_route::pure_tests::paused_has_second_hold_priority ... ok
test alert_route::pure_tests::payload_role_marks_the_cso_seats_own_lifecycle ... ok
test alert_route::pure_tests::payload_summaries_are_sanitized_and_bounded ... ok
test alert_route::pure_tests::pending_and_budget_survive_a_snapshot_round_trip ... ok
test alert_route::pure_tests::pending_snapshot_round_trip_preserves_handoff_markers_durability_and_zero_counts ... ok
test alert_route::pure_tests::probe_f2_endpoint_key_token_never_reaches_the_seat_in_either_duplicate_event ... ok
test alert_route::pure_tests::queue_headroom_has_last_hold_priority ... ok
test alert_route::pure_tests::queue_starved_prefers_the_publisher_key_over_aliases ... ok
test alert_route::pure_tests::queue_starved_summary_reads_the_real_publisher_payload ... ok
test alert_route::pure_tests::render_text_keeps_exact_machine_label_and_repeat_format ... ok
test alert_route::pure_tests::repeated_holds_merge_without_losing_counts ... ok
test alert_route::pure_tests::reservation_immediately_consumes_cooldown_hourly_budget_and_total ... ok
test alert_route::pure_tests::restore_excludes_expired_routed_at ... ok
test alert_route::pure_tests::restore_prunes_twice_cooldown_boundary ... ok
test alert_route::pure_tests::restore_rejects_non_routable_rows_and_future_ages ... ok
test alert_route::pure_tests::restore_summary_cuts_at_200_bytes_then_revalidates ... ok
test alert_route::pure_tests::restored_summaries_are_revalidated_and_legit_ones_survive_byte_identical ... ok
test alert_route::pure_tests::rollback_removes_a_new_keys_cooldown_without_touching_another_key ... ok
test alert_route::pure_tests::rollback_restores_the_previous_cooldown_and_preserves_other_reservations ... ok
test alert_route::pure_tests::rolling_back_one_of_two_same_mono_reservations_leaves_one ... ok
test alert_route::pure_tests::routable_accepts_the_synthetic_gap_but_rejects_every_published_route_event ... ok
test alert_route::pure_tests::routable_names_follow_the_allowlist ... ok
test alert_route::pure_tests::routing_removes_pending_and_starts_cooldown ... ok
test alert_route::pure_tests::sanitize_removes_controls_and_collapses_spaces ... ok
test alert_route::pure_tests::sanitize_removes_zero_width_space ... ok
test alert_route::pure_tests::sanitize_truncates_at_utf8_boundaries ... ok
test alert_route::pure_tests::selecting_fold_candidates_does_not_mutate_pending_rows_or_counts ... ok
test alert_route::pure_tests::snapshot_has_exactly_four_contract_keys ... ok
test alert_route::pure_tests::snapshot_round_trip_preserves_hashed_detail ... ok
test alert_route::pure_tests::summarize_filters_names_and_preserves_missing_surface ... ok
test alert_route::pure_tests::unfold_adds_to_an_existing_keys_count_and_restores_old_priority ... ok
test alert_route::pure_tests::unfold_restores_old_priority_and_decrements_then_removes_the_overflow_row ... ok
test alert_route::reflect_a12::handoff_continues_while_the_worker_is_blocked ... ok
test alert_route::reflect_a12::source_pin_the_async_pump_never_enters_the_blocking_router ... ok
test alert_route::reflect_a12::source_pin_worker_stop_is_reported_outside_the_panic_guard ... ok
test alert_route::reflect_a12::wake_is_a_signal_and_reevaluate_runs_once_per_deadline_from_completion ... ok
test alert_route::reflect_a13::scan_batch_does_not_panic_on_nan_ages ... ok
test alert_route::reflect_a13::scan_batch_picks_the_same_k_oldest_in_the_same_order_as_the_full_sort ... ok
test alert_route::reflect_a13::scan_order_is_a_total_order_even_with_nan_ages ... ok
test alert_route::reflect_a13::source_pin_dispatch_takes_route_ctx_once_outside_the_loop ... ok
test alert_route::triage_pure::triage_x11_restored_legacy_detail_still_holds_the_new_observation ... ok
test alert_route::triage_pure::triage_x12_instruction_shaped_rule_name_does_not_reach_the_cso_prompt ... ok
test alert_route::triage_pure::triage_x1_snapshot_persists_every_accepted_one_shot_alert ... ok
test alerts::tests::b3_evaluate_adds_observation_meta_to_detail_and_keeps_the_old_keys ... ok
test alerts::tests::b3_snapshot_builds_the_identity_view_before_taking_the_surfaces_lock ... ok
test alerts::tests::collect_gate_badges_deadman_replaces_stale_lane ... ok
test alerts::tests::collect_gate_badges_reads_two_lanes_with_lane_prefixed_keys ... ok
test alerts::tests::collect_gate_badges_surfaces_corrupt_json_and_skips_missing ... ok
test alerts::tests::config_partial_and_defaults ... ok
test alerts::tests::evaluate_fires_expected_alerts ... ok
test alerts::tests::evaluate_maps_gate_badges_to_node_liveness_alerts_in_sorted_order ... ok
test alerts::tests::gate_signal_badges_ttl_boundary_and_severity ... ok
test alerts::tests::note_gate_signal_is_visible_through_public_reader ... ok
test alerts::tests::severity_enum_maps_warn_crit ... ok
test alerts::tests::weekly_budget_disabled_when_zero ... ok
test analytics::tests::change_log_append_accepts_and_chains ... ok
test analytics::tests::concurrent_same_base_exactly_one_accepted ... ok
test analytics::tests::derive_and_record_event ... ok
test analytics::tests::rate_snapshots_carry_source_and_old_dbs_are_migrated ... ok
test analytics::tests::rate_snapshots_record_last_and_prune ... ok
test analytics::tests::record_load_replay_roundtrip ... ok
test analytics::tests::record_usage_writes_role ... ok
test analytics::tests::redact_session_id_stable_and_pii_free ... ok
test analytics::tests::restore_replay_returns_changes_in_order ... ok
test analytics::tests::revn_monotonic_rejects_stale_base ... ok
test analytics::tests::ribbon_buckets_activity ... ok
test analytics::tests::skill_runs_lifecycle_and_boot_reconcile ... ok
test analytics::tests::summarize_by_tier_and_cache ... ok
test analytics::tests::summarize_costs_and_productivity ... ok
test analytics::tests::summarize_rework_failrate ... ok
test analytics::tests::summarize_sessions_merges_usage_and_events ... ok
test analytics::tests::summarize_skills_calls_and_failrate ... ok
test analytics::tests::summarize_weekly_wow_and_assets ... ok
test analytics::tests::tail_offset_roundtrip ... ok
test analytics::tests::vern_conflict_distinguishes_restore_from_edit ... ok
test approval::tests::b64_roundtrip ... ok
test approval::tests::determinism ... ok
test approval::tests::duplicate_id_forgery_is_never_the_selected_index ... ok
test approval::tests::empty_prefix_no_fallback ... ok
test approval::tests::expired_longest_prefix_does_not_shadow_live_shorter ... ok
test approval::tests::hmac_kat ... ok
test approval::tests::longest_prefix_wins ... ok
test approval::tests::prefix_match ... ok
test approval::tests::r2f_dm_approvals_signed_on_the_quantized_clock_survive_save_load_and_one_use ... ok
test approval::tests::r2f_dm_no_daemon_test_turns_only_the_home_env_without_a_seam ... ok
test approval::tests::r2f_dm_quantized_record_clock_survives_json_exactly_on_the_100ns_and_1ns_grids ... ok
test approval::tests::r2f_dm_record_producers_use_the_quantized_clock ... ok
test approval::tests::resigning_updated_at_preserves_absolute_expiry ... ok
test approval::tests::saving_migrates_ttl_records_out_of_the_shared_store ... ok
test approval::tests::sensitive_env_dropped ... ok
test approval::tests::sign_verify_roundtrip ... ok
test approval::tests::store_root_seam_moves_every_approval_path ... ok
test approval::tests::tampered_rejected ... ok
test approval::tests::ttl_absent_payload_is_byte_identical_to_legacy ... ok
test approval::tests::ttl_expired_never_matches ... ok
test approval::tests::ttl_fresh_matches_both_modes ... ok
test approval::tests::ttl_missing_record_fails_require_ttl_but_keeps_legacy_check ... ok
test approval::tests::ttl_record_survives_an_old_daemon_rewriting_the_shared_store ... ok
test approval::tests::ttl_tamper_rejected ... ok
test approval::tests::unclosed_quote_rejected ... ok
test approval::tests::wrong_secret_rejected ... ok
test approval_risk::tests::as_str_stable ... ok
test approval_risk::tests::cycle_markers_never_auto ... ok
test approval_risk::tests::denylist_beats_allowlist_no_auto_leak ... ok
test approval_risk::tests::english_destructive_verbs_caught ... ok
test approval_risk::tests::gh_release_and_credit_caught ... ok
test approval_risk::tests::git_push_noncontiguous_caught ... ok
test approval_risk::tests::kind_excluded_from_risk_input ... ok
test approval_risk::tests::real_samples_classify_correctly ... ok
test approval_risk::tests::rm_token_boundary ... ok
test approval_risk::tests::unknown_is_fail_closed ... ok
test auto_restore_tests::b1_disk_fallback_full_tree_verify ... ok
test auto_restore_tests::b1_extract_mid_failure_leaves_no_partial_root ... ok
test auto_restore_tests::b1_extract_writes_phoenix_and_deps ... ok
test auto_restore_tests::b1_prune_stale_embed_dirs ... ok
test auto_restore_tests::b1_self_test_passes_on_real_embed ... ok
test auto_restore_tests::b3_no_bundled_python_falls_back_to_literal ... ok
test auto_restore_tests::breaker_and_corrupt_never_retry ... [cysd] auto-restore BREAKER_OPEN (exit=5) — 재시도 금지(크래시루프 정지·사람 승인 필요)
[cysd] auto-restore CORRUPT/identity (exit=6) — 재시도 금지(사람 개입 필요)
ok
test auto_restore_tests::guard_restore_panic_catches_and_logs_no_propagation ... 
thread 'auto_restore_tests::guard_restore_panic_catches_and_logs_no_propagation' (10816) panicked at src\bin\cysd\main.rs:4999:47:
boom time.rs
[cysd] ★auto-restore 스레드 panic 포착(P0-5 침묵사 차단·재스폰 안 함): boom time.rs
ok
test auto_restore_tests::missing_disk_phoenix_still_ready_embed_authoritative ... ok
test auto_restore_tests::opted_out_never_spawns ... ok
test auto_restore_tests::post_listen_boot_wired_in_both_accept_loops ... ok
test auto_restore_tests::present_phoenix_builds_auto_restore_command ... ok
test auto_restore_tests::ready_injects_phoenix_cys_and_path_env ... ok
test auto_restore_tests::ready_omits_phoenix_cys_when_absent ... ok
test auto_restore_tests::ready_prefers_bundled_python_absolute_path ... ok
test auto_restore_tests::restore_roots_cleared_on_all_paths_l1 ... 
thread 'auto_restore_tests::restore_roots_cleared_on_all_paths_l1' (11100) panicked at src\bin\cysd\main.rs:5452:13:
unwind through guard
[cysd] auto-restore non-zero (exit=Some(1)) — 0ms 후 1회 재시도 (lease/liveness 재산정에 위임)
[cysd] auto-restore finished (exit=0)
ok
test auto_restore_tests::retry_delay_env_override ... ok
test auto_restore_tests::retry_exhausts_after_one_retry ... [cysd] auto-restore non-zero (exit=Some(1)) — 0ms 후 1회 재시도 (lease/liveness 재산정에 위임)
[cysd] auto-restore finished (exit=Some(1)) — 재시도 소진(1회). phoenix-restore.log 참조
ok
test auto_restore_tests::retry_first_nonzero_then_noop_runs_twice ... [cysd] auto-restore non-zero (exit=Some(1)) — 0ms 후 1회 재시도 (lease/liveness 재산정에 위임)
[cysd] auto-restore finished (exit=0)
ok
test auto_restore_tests::spawn_failure_retries_once ... [cysd] auto-restore non-zero (exit=None) — 0ms 후 1회 재시도 (lease/liveness 재산정에 위임)
[cysd] auto-restore finished (exit=None) — 재시도 소진(1회). phoenix-restore.log 참조
ok
test auto_restore_tests::success_runs_once ... [cysd] auto-restore finished (exit=0)
ok
test boot_supervisor::tests::a_fenced_run_is_not_fenced_again_on_the_next_tick ... ok
test boot_supervisor::tests::active_table_carries_the_spawned_pid ... ok
test boot_supervisor::tests::admission_cap_does_not_consume_the_attempt_budget ... ok
test boot_supervisor::tests::admission_cap_stops_spawning_when_orphans_pile_up ... ok
test boot_supervisor::tests::admission_is_fail_closed_when_the_table_cannot_be_observed ... 
thread '<unnamed>' (2596) panicked at src\bin\cysd\boot_supervisor.rs:4919:13:
의도적 poison
ok
test boot_supervisor::tests::admission_is_reserved_not_overwritten ... ok
test boot_supervisor::tests::age_is_a_diagnostic_axis_and_never_a_deletion_reason ... ok
test boot_supervisor::tests::aged_transition_is_reported_separately_from_the_first_hold ... ok
test boot_supervisor::tests::arming_is_decided_at_exactly_one_place_that_ands_readiness ... ok
test boot_supervisor::tests::arming_requires_both_the_env_and_a_ready_build ... ok
test boot_supervisor::tests::boot_child_path_is_byte_identical_without_bundled_python ... ok
test boot_supervisor::tests::boot_child_path_puts_bundled_python_right_after_exe_dir ... ok
test boot_supervisor::tests::boot_v2_switch_defaults_off_and_only_explicit_turns_it_on ... ok
test boot_supervisor::tests::budget_cap_never_resets_a_live_intents_budget ... ok
test boot_supervisor::tests::budget_is_bounded_even_when_disk_never_persists ... ok
test boot_supervisor::tests::budget_map_is_capped_and_pruned ... ok
test boot_supervisor::tests::claim_stale_retire_is_loud_not_silent ... ok
test boot_supervisor::tests::claim_stale_retires_immediately_without_retry ... ok
test boot_supervisor::tests::concurrent_bumps_over_an_existing_destination_all_succeed ... ok
test boot_supervisor::tests::concurrent_epoch_bumps_never_collide ... ok
test boot_supervisor::tests::confirmed_exit_frees_the_slot_and_the_orphan_ledger ... ok
test boot_supervisor::tests::decide_truth_table ... ok
test boot_supervisor::tests::dispatch_per_tick_is_capped ... ok
test boot_supervisor::tests::dispatch_persists_the_new_lease_before_spawn ... ok
test boot_supervisor::tests::effective_attempts_takes_the_larger_budget ... ok
test boot_supervisor::tests::enqueue_is_atomic_on_decl_id ... ok
test boot_supervisor::tests::enqueue_roundtrips ... ok
test boot_supervisor::tests::epoch_persist_is_atomic_synced_and_never_a_saturating_counter ... ok
test boot_supervisor::tests::epoch_persist_never_deletes_the_destination_before_renaming ... ok
test boot_supervisor::tests::every_no_spawn_terminal_is_loud ... ok
test boot_supervisor::tests::every_release_path_is_wired ... ok
test boot_supervisor::tests::exhaustion_notice_reaches_the_declaring_surface_with_ledger_first ... ok
test boot_supervisor::tests::exhaustion_notification_fires_once_across_both_paths ... ok
test boot_supervisor::tests::expired_retire_is_loud_on_every_intent_and_gc_is_not_gated_by_notice ... ok
test boot_supervisor::tests::fence_arm_switch_defaults_to_off ... ok
test boot_supervisor::tests::fence_bumps_the_lease_without_spawning_or_killing ... ok
test boot_supervisor::tests::fence_cas_rejects_anything_but_the_expected_shape ... ok
test boot_supervisor::tests::fence_is_sealed_until_armed ... ok
test boot_supervisor::tests::fence_verdict_holds_back_until_the_runner_has_ever_reported ... ok
test boot_supervisor::tests::gc_is_not_starved_by_the_judgement_cap ... ok
test boot_supervisor::tests::h5_clean_pane_bytes_identical ... ok
test boot_supervisor::tests::h5_knob_off_is_head_identical ... ok
test boot_supervisor::tests::h5_notice_skipped_on_modal_pane ... ok
test boot_supervisor::tests::h5_transient_hold_defers_then_delivers_pane_notice ... ok
test boot_supervisor::tests::hostile_and_broken_intents_are_discarded_without_running ... ok
test boot_supervisor::tests::ledger_record_precedes_the_action ... ok
test boot_supervisor::tests::log_rotation_is_one_layer_and_cap_gated ... ok
test boot_supervisor::tests::master_holds_truth_table ... ok
test boot_supervisor::tests::never_reported_run_is_not_fenced_in_the_tick_path ... ok
test boot_supervisor::tests::only_unstarted_intents_are_resnapshotted_on_rollback ... ok
test boot_supervisor::tests::optional_lease_only_checks_when_supplied ... ok
test boot_supervisor::tests::orphans_are_never_dropped_by_age_alone ... ok
test boot_supervisor::tests::path_injection_puts_exe_dir_first_and_keeps_the_rest ... ok
test boot_supervisor::tests::paused_daemon_freezes_the_supervisor_tick ... ok
test boot_supervisor::tests::persist_failure_blocks_the_spawn_source_pin ... ok
test boot_supervisor::tests::progress_axis_is_wired_at_the_call_site_and_moves_in_pairs ... ok
test boot_supervisor::tests::progress_verdict_holds_back_until_the_runner_has_ever_stepped ... ok
test boot_supervisor::tests::provenance_env_is_withheld_as_absent_not_inherited ... ok
test boot_supervisor::tests::readiness_claims_cannot_outrun_the_build ... ok
test boot_supervisor::tests::redeclaration_after_terminal_is_not_swallowed_as_dedup ... ok
test boot_supervisor::tests::remover_reports_absence_as_success ... ok
test boot_supervisor::tests::restart_pickup_of_exhausted_intent_is_loud ... ok
test boot_supervisor::tests::retry_is_bounded_by_max_attempts ... ok
test boot_supervisor::tests::rollback_folds_into_master_switch ... ok
test boot_supervisor::tests::rollback_resnapshots_pending_intents_on_disk ... ok
test boot_supervisor::tests::rollback_switch_is_wired_before_the_task_is_spawned ... ok
test boot_supervisor::tests::run_ensure_team_refuses_a_stale_claim_before_any_spawn ... ok
test boot_supervisor::tests::run_ensure_team_refuses_a_surfaceless_intent_before_any_spawn ... ok
test boot_supervisor::tests::run_ensure_team_wires_boot_child_path_through_single_verdict ... ok
test boot_supervisor::tests::sanitize_id_cannot_escape_the_spool ... ok
test boot_supervisor::tests::schema_two_intents_are_promoted_not_retired ... ok
test boot_supervisor::tests::second_declaration_on_a_busy_surface_is_superseded_not_run ... ok
test boot_supervisor::tests::stale_files_are_gc_ed_by_mtime ... ok
test boot_supervisor::tests::success_transitions_the_intent_to_running_and_never_reruns ... ok
test boot_supervisor::tests::successful_dispatch_with_undeletable_intent_is_still_bounded ... ok
test boot_supervisor::tests::successive_epochs_differ_and_the_latest_is_on_disk ... ok
test boot_supervisor::tests::supervisor_never_kills_anything ... ok
test boot_supervisor::tests::terminal_algebra_is_total_and_roundtrips ... ok
test boot_supervisor::tests::the_runner_path_keeps_its_reservation_until_exit_ack ... ok
test boot_supervisor::tests::the_tick_reads_no_process_env ... ok
test boot_supervisor::tests::tick_never_creates_the_spool_but_tightens_it_when_present ... ok
test boot_supervisor::tests::turning_the_v2_toggle_on_does_not_arm_the_fence ... ok
test boot_supervisor::tests::two_boots_in_one_daemon_lifetime_both_dispatch ... ok
test boot_supervisor::tests::undeletable_spool_entries_do_not_publish_forever ... ok
test boot_supervisor::tests::unknown_action_token_is_never_executed ... ok
test boot_supervisor::tests::unparsable_files_are_discarded_regardless_of_mtime ... ok
test boot_supervisor::tests::unparsable_intents_are_closed_as_state_unreadable_not_just_deleted ... ok
test caps::tests::cso_variants_are_privileged_seats_but_not_full_trust ... ok
test caps::tests::from_iter_applies_normalization ... ok
test caps::tests::read_does_not_imply_write ... ok
test caps::tests::reviewer_gemini_and_planner_denied_mutation ... ok
test caps::tests::reviewer_is_read_search_only ... ok
test caps::tests::unknown_and_none_role_deny_by_default ... ok
test caps::tests::worker_master_cso_full ... ok
test caps::tests::write_implies_read_normalization ... ok
test channels::tests::ack_marks_acked_and_clears_text ... ok
test channels::tests::channel_followup_and_sweep_run_on_blocking_pool ... ok
test channels::tests::dept_daemon_forbids_channel_spawn_main_allows ... ok
test channels::tests::envelope_sanitizes_sender_and_channel ... ok
test channels::tests::envelope_shape ... ok
test channels::tests::h3_stalled_due_and_lag_mark_pure ... ok
test channels::tests::inbound_bot_loop_suppressed ... ok
test channels::tests::inbound_dedup_conflict_same_key_diff_hash ... ok
test channels::tests::inbound_idempotent_same_key_same_hash ... ok
test channels::tests::inbound_owner_allowed_lands_in_inbox ... ok
test channels::tests::inbound_owner_only_fail_closed ... ok
test channels::tests::interaction_expired_rejected ... ok
test channels::tests::interaction_forged_nonce_rejected ... ok
test channels::tests::interaction_gate_off_rejected ... ok
test channels::tests::interaction_non_owner_rejected ... ok
test channels::tests::interaction_owner_mismatch_rejected ... ok
test channels::tests::interaction_replay_rejected_nonce_burned ... ok
test channels::tests::interaction_unknown_feed_rejected ... ok
test channels::tests::interaction_valid_button_resolves_feed ... ok
test channels::tests::lockdown_then_unlock_restores_inbound ... ok
test channels::tests::mirror_blocked_after_expiry ... ok
test channels::tests::mirror_blocked_when_gate_off ... ok
test channels::tests::mirror_blocked_when_tier_d_or_untagged ... ok
test channels::tests::mirror_idempotent_no_duplicate_button ... ok
test channels::tests::non_owner_denied_before_botloop_no_loopwin ... ok
test channels::tests::open_creates_schema_and_version ... ok
test channels::tests::outbound_blocked_during_lockdown ... ok
test channels::tests::outbound_monotonic_and_idempotent ... ok
test channels::tests::outbound_target_fail_closed ... ok
test channels::tests::outbound_timeout_to_unknown ... ok
test channels::tests::pause_freezes_outbound_timeout_clock ... ok
test channels::tests::prune_retention_removes_old_terminal_keeps_live ... ok
test channels::tests::redeliver_due_pure ... ok
test channels::tests::register_rejects_token_mismatch ... ok
test channels::tests::register_reprompts_sent_approval_with_pending_feed ... ok
test channels::tests::register_returns_pending_outbound ... ok
test channels::tests::respawn_backoff_escalates_and_stays_below_survival_threshold ... ok
test channels::tests::respawn_failure_counter_alerts_once_then_resets ... ok
test channels::tests::revoke_removes_from_allowlist ... ok
test channels::tests::sanitize_strips_c1_and_line_separators ... ok
test channels::tests::sanitize_strips_paste_escape_preserves_text ... ok
test channels::tests::schema_version_is_3 ... ok
test channels::tests::status_reports_channel_shape ... ok
test channels::tests::status_reports_remote_approve ... ok
test channels::tests::tier_mirrorable_pure ... ok
test channels::tests::v2_nonce_feed_mismatch_rejected ... ok
test channels::tests::v4_sender_cooldown_after_consecutive_fails ... ok
test channels::tests::v4_success_resets_consecutive_fails ... ok
test channels::tests::v6_mirror_body_redacts_and_points_local ... ok
test channels::tests::v6_redact_scrubs_tokens_and_paths_preserves_plain ... ok
test channels::tests::v7_cap_counts_allow_not_deny ... ok
test channels::tests::v7_daily_cap_21st_allow_rejected_pending_preserved ... ok
test channels::tests::v7_under_cap_allow_succeeds_and_increments ... ok
test classifier::tests::all_19_side_effecting_tools_match ... ok
test classifier::tests::claude_cli_converted_names_are_classified ... ok
test classifier::tests::claude_permission_is_actionable ... ok
test classifier::tests::claude_pretool_is_non_actionable ... ok
test classifier::tests::codex_cli_converted_names_are_classified ... ok
test classifier::tests::codex_permission_is_non_actionable ... ok
test classifier::tests::dedicated_exit_plan_mode_and_ask_user_question ... ok
test classifier::tests::generic_read_only_stays_telemetry ... ok
test classifier::tests::generic_side_effecting_escalates ... ok
test classifier::tests::unknown_event_is_safe_default ... ok
test cost::tests::cost_formula ... ok
test cost::tests::normalize_strips_1m_and_date ... ok
test cost::tests::pricing_known_models ... ok
test cost::tests::unknown_model_falls_back_to_sonnet ... ok
test cwd_probe::tests::bounded_probe_folds_every_failure_into_unknown ... 
thread 'cysd-cwd-probe' (12004) panicked at src\bin\cysd\cwd_probe.rs:261:9:
reader panic
ok
test cwd_probe::tests::classify_only_eperm_is_blocked ... ok
test cwd_probe::tests::cwd_blocked_is_never_agent_routable ... ok
test cwd_probe::tests::enabled_only_for_mac_role_seats_and_both_switches_roll_back ... ok
test cwd_probe::tests::inflight_cap_bounds_hung_threads ... ok
test cwd_probe::tests::observe_is_off_for_plain_panes ... ok
test cwd_probe::tests::protected_folder_respects_path_boundaries ... ok
test cwd_probe::tests::real_reader_on_readable_and_missing_dirs ... ok
test cwd_probe::tests::session_start_hook_reads_the_same_env_key ... ok
test cycle_jobs::tests::child_args_pin ... ok
test cycle_jobs::tests::kill_deadline_uses_the_monotonic_clock_across_sleep ... ok
test cycle_jobs::tests::master_is_never_queued_behind_other_seats_cycles ... ok
test cycle_jobs::tests::pending_order_is_priority_then_headroom_then_arrival ... ok
test cycle_jobs::tests::priority_seats_never_wait_for_a_slot_behind_general_or_each_other ... ok
test cycle_jobs::tests::result_text_and_summary ... ok
test cycle_jobs::tests::single_flight_repeat_guard_and_pending_cap ... ok
test cycle_jobs::tests::verifier_seat_is_not_cleared_mid_handshake ... ok
test cysd_args_tests::cysd_args_help_flags ... ok
test cysd_args_tests::cysd_args_main_dispatches_before_daemon_start_source_pin ... ok
test cysd_args_tests::cysd_args_no_args_runs ... ok
test cysd_args_tests::cysd_args_startup_marker_stays_first_in_async_main_source_pin ... ok
test cysd_args_tests::cysd_args_unknown_is_rejected ... ok
test cysd_args_tests::cysd_args_usage_mentions_flags_and_daemon_start ... ok
test cysd_args_tests::cysd_args_version_flags ... ok
test cysd_args_tests::cysd_args_version_line_has_version_and_build_id ... ok
test cysd_args_tests::fd_limit_raise_is_wired_after_startup_lock_before_boot_side_effects_source_pin ... ok
test delivery::tests::deployed_ceo_directive_payload_fits_part_cap_with_headroom ... ok
test delivery::tests::deployed_directive_payload_fits_part_cap_with_headroom ... ok
test delivery::tests::digest_is_whitespace_insensitive_but_content_sensitive ... ok
test delivery::tests::directive_grade_push_keeps_rotation_budget ... ok
test delivery::tests::epoch_marker_is_atomic_and_parseable ... ok
test delivery::tests::isolate_state_dir_scopes_paths_to_this_thread_and_restores ... cysd(test): CYS_STATE_DIR 미설정 — 배달 원장을 실 HOME(~/.cys/state) 대신 C:\Users\RUNNER~1\AppData\Local\Temp\cys-test-state-9448 로 강제 격리한다(R5-B). ★위반 판정은 이 줄이 아니라 다음 개수로 한다: 이 디렉터리 **최상위**의 delivery-* 가 0 이 아니면 격리를 잊은 테스트가 있다 (delivery::tests::isolate_state_dir* 를 그 테스트/하네스에 적용할 것).
ok
test delivery::tests::isolated_socket_never_folds_into_the_base_lane ... ok
test delivery::tests::isolation_dirs_live_under_runner_specified_audit_root ... ok
test delivery::tests::lane_key_mirrors_pack_contract ... ok
test delivery::tests::ledger_path_is_always_lane_suffixed_under_pack_state_dir ... ok
test delivery::tests::ledger_record_strictly_precedes_pty_write ... ok
test delivery::tests::multiline_delivery_records_each_submitted_line ... ok
test delivery::tests::normalize_collapses_all_unicode_whitespace ... ok
test delivery::tests::part_cap_is_reported_not_silent ... ok
test delivery::tests::part_records_are_slim_but_keep_reader_contract ... ok
test delivery::tests::parts_are_flushed_before_record_returns ... ok
test delivery::tests::reader_scan_limits_track_producer_rotation_cap ... ok
test delivery::tests::record_appends_matchable_line_and_skips_blank ... ok
test delivery::tests::record_rotates_at_cap ... ok
test delivery::tests::single_and_batch_tombstones_carry_the_same_durability_field ... ok
test delivery::tests::single_line_delivery_adds_no_parts ... ok
test delivery::tests::socket_base_verdict_matches_the_shared_lane_corpus ... ok
test delivery::tests::submit_units_splits_on_every_newline_flavor ... ok
test delivery::tests::test_build_never_resolves_state_root_to_live_home ... ok
test delivery::tests::triage_wp5_partial_ledger_line_must_not_authorize_deletion ... ok
test delivery::tests::uncapped_delivery_carries_no_capped_marker ... ok
test delivery::tests::unlabeled_machine_text_is_recorded ... ok
test delivery::tests::wp5_r1_side_records_use_a_durable_append ... ok
test delivery::tests::wp5_r2_tombstone_after_rotation_is_readable_from_the_new_ledger ... ok
test delivery::tests::xlang_ledger_fixture_matches_reader_expectations ... ok
test env_scrub_tests::scrub_removes_leaky_session_vars_only ... [cysd] scrubbed leaky claude session env: CLAUDECODE
[cysd] scrubbed leaky claude session env: CLAUDE_CODE_CHILD_SESSION
[cysd] scrubbed leaky claude session env: CLAUDE_CODE_SESSION_ID
ok
test eprintln_guard_tests::eprintln_child_probe ... ok
test eprintln_guard_tests::global_eprintln_macro_is_defined_before_the_first_mod_and_nothing_bypasses_it ... ok
test events::tests::category_filter ... ok
test events::tests::empty_filters_match_all ... ok
test events::tests::missing_fields_use_empty_string ... ok
test events::tests::name_and_category_are_anded ... ok
test events::tests::name_filter ... ok
test events::tests::persist_write_failure_does_not_break_resume_monotonicity ... ok
test events::tests::persisted_seq_resumes_monotonic_across_restart ... ok
test events::tests::publish_assigns_monotonic_seq_and_event_shape ... ok
test events::tests::replay_after_is_exclusive_cursor ... ok
test events::tests::ring_capacity_evicts_oldest_and_bounds_advance ... ok
test fatal1_admission_tests::admission_cap_bounds_and_exemption_truth_table ... ok
test fatal1_admission_tests::admission_gate_bounds_concurrency_without_rejecting ... ok
test fatal1_admission_tests::dispatch_gate_watch_alerts_once_then_recovers ... ok
test fatal1_admission_tests::dispatch_goes_through_admission_gate ... ok
test fatal1_admission_tests::saturated_gate_lets_ping_through_and_queues_others ... ok
test fatal1_admission_tests::sysinfo_has_no_rayon_multithread ... ok
test feed_wait_disconnect_tests::feed_wait_releases_waiter_when_client_disconnects_during_pause ... ok
test first_line_idle_tests::blank_line_does_not_disarm_the_first_line_cap ... ok
test first_line_idle_tests::blank_line_drip_cannot_push_the_first_line_deadline ... ok
test first_line_idle_tests::blank_lines_before_a_real_request_are_still_tolerated ... ok
test first_line_idle_tests::established_connection_survives_idle_beyond_the_cap ... ok
test first_line_idle_tests::first_line_cap_rollback_knob ... ok
test first_line_idle_tests::silent_client_connection_is_reclaimed ... ok
test first_line_idle_tests::silent_client_persists_without_the_cap_instrument_validity ... ok
test governance::h1_queue_quiesce_tests::h1_force_deliver_unaffected ... ok
test governance::h1_queue_quiesce_tests::h1_quiescing_blocks_tick_then_releases ... ok
test governance::h1_queue_quiesce_tests::h1_relaunch_on_seat_releases_stale_quiescing ... ok
test governance::h1_queue_quiesce_tests::h1_resume_fallback_not_deadlocked ... ok
test governance::h1_queue_quiesce_tests::h2_diverted_item_starve_visible_then_delivered ... ok
test governance::h_machine_hold_tests::h0_axes_default_by_platform ... ok
test governance::h_machine_hold_tests::h0_conpty_fixtures ... ok
test governance::h_machine_hold_tests::h0_cross_socket_residue_is_not_a_draft ... ignored, 윈도우 기본 H 마스크는 draft 축을 끈다(hold_axes_default(true)) — 이 검체는 유닉스 기본(draft 축) 동작을 본다
test governance::h_machine_hold_tests::h0_hold_verdict_truth_table ... ok
test governance::h_machine_hold_tests::h0_machine_residue_is_not_a_draft ... ignored, 윈도우 기본 H 마스크는 draft 축을 끈다(hold_axes_default(true)) — 이 검체는 유닉스 기본(draft 축) 동작을 본다
test governance::h_machine_hold_tests::h0_own_inject_in_flight_is_not_a_draft ... ignored, 윈도우 기본 H 마스크는 draft 축을 끈다(hold_axes_default(true)) — 이 검체는 유닉스 기본(draft 축) 동작을 본다
test governance::h_machine_hold_tests::h0_probe_cost_microbench ... ignored
test governance::h_machine_hold_tests::h0_probe_panic_is_probe_failed ... 
thread '<unnamed>' (10604) panicked at src\bin\cysd\governance.rs:27523:17:
h0 검체: agent_meta 독살

thread 'governance::h_machine_hold_tests::h0_probe_panic_is_probe_failed' (6888) panicked at src\bin\cysd\governance.rs:10711:10:
called `Result::unwrap()` on an `Err` value: PoisonError { .. }
ok
test governance::h_machine_hold_tests::h0_quiescing_stale_bound ... ok
test governance::h_machine_hold_tests::h0_stale_pending_alone_never_holds ... ignored, 윈도우 기본 H 마스크는 draft 축을 끈다(hold_axes_default(true)) — 이 검체는 유닉스 기본(draft 축) 동작을 본다
test governance::h_machine_hold_tests::h0_unknown_seat_is_not_shell_only ... ok
test governance::h_machine_hold_tests::h7_guard_none_producers_allowlist ... ok
test governance::h_machine_hold_tests::r2f_dm_windows_ignore_attributes_are_exactly_the_decided_set_of_44 ... ok
test governance::merge_residue_tests::r6_refuted_daemon_keeps_the_ready_marker_fallback ... ok
test governance::r3_1_lineage_tests::r3_1_agent_depth_table ... ok
test governance::r3_1_lineage_tests::r3_1_chain_walk_table ... ok
test governance::r3_1_lineage_tests::r3_1_hook_origin_table ... ok
test governance::reflect_queue_tests::f1_probe_on_stale_empty_seat_sees_only_the_selector_row ... ok
test governance::reflect_queue_tests::f1_resubmit_wired_into_watchdog_tick_before_queue_delivery ... ok
test governance::reflect_queue_tests::f1_submit_cr_guard_pure_tables ... ok
test governance::reflect_queue_tests::f1_submit_cr_withhold_probe_sees_dialog_not_own_composer ... ok
test governance::reflect_queue_tests::fv2_composer_block_matcher_table ... ok
test governance::reflect_queue_tests::fv2_composer_block_of_table ... ok
test governance::reflect_queue_tests::fv2_withheld_wait_cap_is_bounded ... ok
test governance::reflect_queue_tests::q11_a_flood_with_a_young_head_keeps_the_full_interval ... ok
test governance::reflect_queue_tests::q11_cross_sender_backlog_drains_within_the_ten_minute_bound ... ok
test governance::reflect_queue_tests::q11_interval_shrinks_stepwise_once_the_head_is_overdue ... ok
test governance::reflect_queue_tests::q12_eviction_picks_the_same_oldest_set_on_both_paths ... ok
test governance::reflect_queue_tests::q13_disposer_only_cancels_a_reservation_it_targets ... ok
test governance::reflect_queue_tests::q14_rollout_notes_match_the_real_defaults ... ok
test governance::reflect_queue_tests::q16_global_cap_bounds_restored_expired_and_evicts_inactive_roles_first ... ok
test governance::reflect_queue_tests::q1_writer_safety_probe_sees_a_modal_drawn_after_the_verdict ... ok
test governance::reflect_queue_tests::q2_pause_is_re_read_by_the_writer_probe_and_the_handoff_gate ... ok
test governance::reflect_queue_tests::q2_pause_transition_cancels_unsettled_reservations ... ok
test governance::reflect_queue_tests::q5_pause_credit_is_the_same_for_seat_and_restored_entries ... ok
test governance::reflect_queue_tests::q5_restored_rows_without_a_destination_still_age_out_with_event_and_notice ... ok
test governance::reflect_queue_tests::q7_process_exit_of_a_role_seat_parks_instead_of_dropping ... ignored, 윈도우 ConPTY 는 자식이 끝나도 출력 파이프를 닫지 않는다 — reader EOF 로 좌석 종료를 아는 경로는 유닉스 전제
test governance::reflect_queue_tests::q7_reap_parks_the_active_queue_for_the_returning_role ... ok
test governance::reflect_queue_tests::q8_governance_loop_runs_off_the_runtime_workers ... ok
test governance::reflect_queue_tests::q8_governance_loop_starts_without_a_runtime_context ... ok
test governance::reflect_queue_tests::q8_watchdog_start_is_guarded_once_per_process ... ok
test governance::reflect_queue_tests::r3c_withheld_clocks_measure_open_window_and_skip_pause ... ok
test governance::reflect_queue_tests::reflect_q8_fallback_arm_does_not_occupy_the_runtime_worker ... cysd: 전용 watchdog 스레드 생성 실패(forced fallback(검체 주입)) — 블로킹 풀로 폴백한다(거버넌스는 계속 돈다 · 런타임 워커는 굶기지 않는다)
ok
test governance::reflect_queue_tests::reflect_q8_fallback_without_a_runtime_reports_unavailable_instead_of_panicking ... cysd: 전용 watchdog 스레드 생성 실패(forced fallback(검체 주입)) · 런타임 핸들도 없다 — 거버넌스를 켜지 않는다(자원 관리·자가치유 없음)
ok
test governance::tests::a2_render_all_empty_digest_is_empty ... ok
test governance::tests::a2_same_sender_blank_send_keys_deliver_as_single_blank_inject ... ok
test governance::tests::a2_send_key_burst_merge_strength_unchanged ... ok
test governance::tests::a5_m2_os_default_is_one_expression_over_default_for ... ok
test governance::tests::agent_candidates_from_json_derives_bin_basenames ... ok
test governance::tests::agent_liveness_ignores_broad_only_evidence_once_strict_is_proven ... ok
test governance::tests::approval_patterns_union_disk_wins_vendor_fills ... ok
test governance::tests::approval_patterns_union_excludes_first_run_gate_corpus ... ok
test governance::tests::approval_stall_fires_once_per_item ... ok
test governance::tests::approval_wakeup_dedupe_disabled_when_window_zero ... ok
test governance::tests::approval_wakeup_suppressed_when_same_text_still_queued ... ok
test governance::tests::approval_wakeup_window_boundary_in_and_out ... ok
test governance::tests::audit_doc_cat_is_detectable_but_never_escalates_after_awakening ... ok
test governance::tests::b1_delivery_aborts_when_pending_input_changed_after_ready_verdict ... ok
test governance::tests::b1_gate_delivers_at_prompt_boundary_while_output_streams ... ok
test governance::tests::b1_gate_ghost_text_never_blocks_delivery ... ok
test governance::tests::b1_gate_human_typing_guard_is_never_exempt_at_prompt_boundary ... ok
test governance::tests::b1_gate_input_pending_blocks_delivery_with_reason ... ok
test governance::tests::b1_gate_pending_bytes_block_even_on_blank_prompt ... ok
test governance::tests::b1_gate_unknown_prompt_is_fail_closed ... ok
test governance::tests::b1_input_line_blank_before_cursor_is_empty ... ok
test governance::tests::b1_input_line_ghost_after_cursor_is_empty ... ok
test governance::tests::b1_input_line_pending_bytes_win_over_screen ... ok
test governance::tests::b1_input_line_typed_before_cursor_is_occupied ... ok
test governance::tests::b1_input_line_unobserved_prompt_is_unknown ... ok
test governance::tests::b1_merge_cap_counts_rendered_output_not_raw_sum ... ok
test governance::tests::b1_merge_delivers_same_sender_burst_in_one_turn ... ok
test governance::tests::b1_merge_digest_preserves_every_item_verbatim ... ok
test governance::tests::b1_merge_never_mixes_send_and_send_key ... ok
test governance::tests::b1_merge_plan_carries_over_instead_of_truncating ... ok
test governance::tests::b1_merge_plan_picks_same_sender_up_to_item_cap ... ok
test governance::tests::b1_merge_plan_treats_missing_sender_as_its_own_group ... ok
test governance::tests::b1_merge_preserves_cross_sender_fifo ... ok
test governance::tests::b1_merge_single_item_is_byte_identical ... ok
test governance::tests::b1_obs_blocked_reason_is_recorded_until_delivery ... ok
test governance::tests::b1_obs_ledger_carries_enqueue_facts ... ok
test governance::tests::b1_obs_starved_alert_is_enabled_by_default ... ok
test governance::tests::b1_prompt_boundary_alt_screen_or_approval_blocks_delivery ... ok
test governance::tests::b1_prompt_boundary_is_conjunction_of_four_axes ... ok
test governance::tests::b1_prompt_boundary_ready_while_output_streams ... ok
test governance::tests::b1_prompt_boundary_unknown_input_is_never_ready ... ok
test governance::tests::b3_dup_distinct_scripts_under_one_interpreter_are_not_duplicates ... ok
test governance::tests::b3_dup_endpoint_scope_unaffected_by_observation_axis ... ok
test governance::tests::b3_dup_name_fallback_never_counts_as_duplicate ... ok
test governance::tests::b3_dup_same_observed_command_still_fires ... ok
test governance::tests::badge_lifecycle_is_wired_to_observation_not_to_the_ceiling ... ok
test governance::tests::c5_blocked_by_reasons_map_to_the_documented_rows ... ok
test governance::tests::c5_diag_snapshots_are_taken_only_after_the_gates_source_pin ... ok
test governance::tests::c5_force_deliver_refusal_appends_ctrl_u_only_for_ghost_count ... ok
test governance::tests::c5_input_line_visibility_pure_rules ... ok
test governance::tests::c5_queue_block_diag_observes_cursor_row_counts_pause_and_model ... ok
test governance::tests::c5_queue_block_diag_poisoned_parser_is_missing_not_false ... 
thread '<unnamed>' (10536) panicked at src\bin\cysd\governance.rs:24362:13:
C5 검체 — 파서 락 오염(의도)
ok
test governance::tests::c5_queue_blocked_dirty_flag_forces_one_rewrite ... ok
test governance::tests::c5_queue_blocked_file_boot_leaves_stale_file_then_first_tick_overwrites ... ok
test governance::tests::c5_queue_blocked_file_drops_exited_seat_and_emptied_queue ... ok
test governance::tests::c5_queue_blocked_file_lifecycle_change_release_and_atomic ... ok
test governance::tests::c5_queue_blocked_file_write_failure_retries_after_the_suppression_window ... [queue] queue-blocked.json 기록 실패 — Access is denied. (os error 5) (60초 뒤 재시도)
ok
test governance::tests::c5_queue_remedy_parser_panic_note_goes_before_the_llm_suffix ... ok
test governance::tests::c5_queue_remedy_table_every_row_in_order ... ok
test governance::tests::c5_starved_alert_via_tick_carries_diag_remedy_and_rewrites_file ... ok
test governance::tests::c_digest_body_sanitized_and_ledger_matches_injected ... ok
test governance::tests::ceiling_keeps_the_badge_and_publishes_nothing_until_the_gate_is_gone ... [gate-corpus] claude: CYS_FIRST_RUN_GATES_OVERRIDE=0 — agents.json override 파싱 비활성(코드 정본만 사용)
ok
test governance::tests::close_persists_entry_removal_and_tombstone_atomically ... ok
test governance::tests::cmdline_matches_agent_bootstrap_characterization ... ok
test governance::tests::cmdline_matches_agent_covers_npm_wrapper_forms ... ok
test governance::tests::cmdline_matches_agent_normalizes_windows_exec_extensions ... ok
test governance::tests::collect_scoped_for_shutdown_empty_when_no_scoped ... ok
test governance::tests::collect_scoped_for_shutdown_picks_only_scoped_groups ... ok
test governance::tests::corrupt_topology_isolated_not_silently_empty ... [cysd] ★P0-3 topology.json 손상(key must be a string at line 1 column 3) — C:\Users\RUNNER~1\AppData\Local\Temp\cys-govdrill-p0-3-9448-1791161822-22\topology.json.corrupt-1791161823 isolate + 세대 스냅샷 tombstones 폴백(0개 복구)
ok
test governance::tests::d04_codex_live_frame_dept1_s10_delivers_with_embed_only ... ok
test governance::tests::d04_codex_live_frame_hq_s6_delivers_with_embed_only ... ok
test governance::tests::d04_embed_declares_marker_lists ... ok
test governance::tests::d04_gemini_live_frame_dept1_s9_delivers_with_embed_only ... ok
test governance::tests::d04_gemini_live_frame_hq_s5_delivers_with_embed_only ... ok
test governance::tests::d04_marker_list_accepts_any_leading_candidate_and_keeps_draft_glyphs ... ok
test governance::tests::d04_new_default_on_disk_is_idempotent ... ok
test governance::tests::d04_observe_prompt_prioritizes_cursor_prefix_and_closes_empty_candidates ... ok
test governance::tests::d04_stale_vendor_default_on_disk_is_promoted ... ok
test governance::tests::d04_user_custom_marker_on_disk_is_preserved ... ok
test governance::tests::d04r1_draft_containing_marker_glyph_is_input_pending ... ok
test governance::tests::d04r1_gemini_output_row_ending_with_gt_at_cursor_is_unknown ... ok
test governance::tests::d04r1_gemini_working_frame_esc_to_cancel_is_busy ... ok
test governance::tests::d04r1_ready_marker_list_is_not_a_prompt_fallback ... ok
test governance::tests::d12_cancel_key_skips_screen_axis_before_adapter_load ... ok
test governance::tests::d12_text_gate_kind_uses_send_key_byte_axis ... ok
test governance::tests::d12_verdict_cancel_key_denies_human_draft_only ... ok
test governance::tests::d12_verdict_submit_key_approval_pending_passes ... ok
test governance::tests::d12_verdict_submit_key_human_draft_denied ... ok
test governance::tests::d12_verdict_submit_key_own_pending_passes ... ok
test governance::tests::d12_verdict_submit_key_screen_occupied_denied ... ok
test governance::tests::d12_verdict_submit_key_selector_row_passes ... ok
test governance::tests::d12_verdict_text_empty_line_passes ... ok
test governance::tests::d12_verdict_text_pending_input_denied ... ok
test governance::tests::d12_verdict_text_screen_occupied_denied ... ok
test governance::tests::d12_verdict_text_selector_row_passes ... ok
test governance::tests::d12_verdict_text_unknown_line_passes ... ok
test governance::tests::daemon_approval_dedup_helpers_and_stale_clear ... ok
test governance::tests::daemon_gate_corpus_notes_are_published_once_per_resolution ... ok
test governance::tests::deadman_agent_dead_axis_when_shell_alive ... ok
test governance::tests::deadman_agent_never_started_axis ... ok
test governance::tests::deadman_agent_never_started_socket_rebuts ... ok
test governance::tests::deadman_agent_recovery_resets_misses ... ok
test governance::tests::deadman_bare_shell_descendant_does_not_arm_vacant_axis ... ok
test governance::tests::deadman_debounce ... ok
test governance::tests::deadman_fires_only_after_confirm_ticks ... ok
test governance::tests::deadman_grace_window ... ok
test governance::tests::deadman_idle_debounce_knob_separate ... ok
test governance::tests::deadman_payload_contract_v2 ... ok
test governance::tests::deadman_role_generalization_csv ... ok
test governance::tests::deadman_secs_zero_disables_idle_only ... ok
test governance::tests::deadman_silence_alone_is_idle_not_death ... ok
test governance::tests::deadman_socket_activity_rebuts_agent_death ... ok
test governance::tests::deadman_surface_gone_axis ... ok
test governance::tests::deadman_unknown_probe_neither_counts_nor_resets ... ok
test governance::tests::deliver_head_locked_expect_id_mismatch_is_noop ... ok
test governance::tests::deliver_head_locked_pops_by_id_and_reports_remaining ... ok
test governance::tests::deliver_is_atomic_against_concurrent_clear ... ok
test governance::tests::deliver_queued_default_knobs_keep_current_quiet_rule ... ok
test governance::tests::deliver_queued_human_guard_blocks_even_overdue_then_limited_delivery_flows ... ok
test governance::tests::endpoint_key_extracts_explicit_forms_only ... ok
test governance::tests::endpoint_scope_requires_minimum_age_but_surface_scope_does_not ... ok
test governance::tests::env_u32_clamps_instead_of_truncating ... ok
test governance::tests::escalation_ceiling_closes_publishing_but_not_observation ... ok
test governance::tests::exited_surface_due_respects_role_grace ... ok
test governance::tests::feed_backlog_crossed_edge_fire_and_rearm ... ok
test governance::tests::fleet_reap_leaves_roster_revivable ... ok
test governance::tests::force_deliver_empty_queue_and_unknown_id ... ok
test governance::tests::force_deliver_empty_seat_refused_unknown_passes ... ok
test governance::tests::force_deliver_not_head_requires_allow_reorder_then_reorders_with_event ... ok
test governance::tests::force_deliver_output_busy_floor_holds_even_forced ... ok
test governance::tests::force_deliver_queue_paused_refused ... ok
test governance::tests::force_deliver_skips_quiet_wait_and_marks_forced ... ok
test governance::tests::force_deliver_typing_guard_never_exempt ... ok
test governance::tests::formation_scale_does_not_create_alerts ... ok
test governance::tests::gate_envelope_prefers_disk_then_embed ... ok
test governance::tests::gate_escalation_text_is_not_itself_a_gate ... ok
test governance::tests::gate_feed_kind_is_isolated_from_approval_namespace ... ok
test governance::tests::gate_scan_window_truth_table ... ok
test governance::tests::gate_sighting_is_silent_on_non_gate_screens ... ok
test governance::tests::giant_strict_proof_ticks_never_arms_the_proof ... ok
test governance::tests::is_node_owned_does_not_swallow_third_party_processes ... ok
test governance::tests::launch_flag_observation_failure_does_not_republish_the_once_only_warning ... ok
test governance::tests::launch_flag_permanent_blindness_reports_once_and_stays_bounded ... ok
test governance::tests::launch_flag_verdict_is_order_independent_across_contending_descendants ... ok
test governance::tests::learn_stuck_candidates_threshold_and_debounce ... ok
test governance::tests::learn_stuck_debounce_persistence_roundtrip ... ok
test governance::tests::liveness_verdict_death_axes_truth_table ... ok
test governance::tests::liveness_verdict_silence_maps_to_idle_never_death ... ok
test governance::tests::missing_topology_is_empty_not_corrupt ... ok
test governance::tests::node_cli_is_never_a_kill_candidate_even_when_piled ... ok
test governance::tests::normal_five_node_formation_raises_zero_duplicate_alerts ... ok
test governance::tests::owner_close_still_tombstones ... ok
test governance::tests::parse_todo_dirs_keeps_windows_drive_paths_intact ... ok
test governance::tests::pending_obs_keep_then_superseded_clears_silently ... ok
test governance::tests::pending_obs_ttl_drop_emits_observe_dropped ... ok
test governance::tests::pending_verdict_truth_table ... ok
test governance::tests::plan_duplicate_kills_age_gate_and_keeps_oldest ... ok
test governance::tests::plan_duplicate_kills_boundary_exactly_min_age ... ok
test governance::tests::plan_duplicate_kills_spares_young_processes ... ok
test governance::tests::poison_marks_only_owning_surface_entries ... ok
test governance::tests::poisoned_entry_is_excluded_from_reuse ... ok
test governance::tests::pop_delivered_ids_noop_on_empty_after_clear ... ok
test governance::tests::pop_delivered_ids_preserves_new_message_after_clear_and_enqueue ... ok
test governance::tests::pop_delivered_ids_preserves_replacement_head ... ok
test governance::tests::pop_delivered_ids_removes_matching_head ... ok
test governance::tests::pop_delivered_ids_same_text_different_id_never_pops ... ok
test governance::tests::production_slice_has_no_narrowing_casts ... ok
test governance::tests::prune_surface_health_keys_evicts_only_closed_surface ... ok
test governance::tests::prune_surface_health_keys_noop_when_surface_absent ... ok
test governance::tests::prune_watchdog_maps_evicts_dead_surfaces_and_stale_cmdlines ... ok
test governance::tests::prune_watchdog_maps_keeps_cmdline_at_exact_debounce_boundary ... ok
test governance::tests::qs_a2_backspace_must_decrement_pending_input ... ignored, D-02 보류(P3 · 설계 §5): 가산은 의도된 fail-closed 이고 계수는 >0 불리언으로만 쓰인다. v2 출하 후 stale_bytes 분포를 보고 재판단 — 검체는 RED 자산으로 보존한다 (0.14.43 A안: 비계수이지 감산 아님 — 여전히 RED)
test governance::tests::qs_a2_bare_escape_clears_pending_input ... ignored, D-02 보류(P3 · 설계 §5): 순수 Esc 감산은 과소 계수(오주입) 방향 위험 — v2 출하 후 재판단 · RED 자산 보존 (0.14.43 A안: 비계수이지 감산 아님 — 여전히 RED)
test governance::tests::qs_a2_escape_sequence_must_not_clear ... V7OBS qs_a2_escape_sequence got=6 expected>=3
ok
test governance::tests::qs_a3_cr_inside_paste_must_not_reset ... V7OBS qs_a3_cr_inside_paste got=3 expected=3
ok
test governance::tests::qs_a3_newline_inside_paste_must_not_reset ... V7OBS qs_a3_newline_inside_paste got=3 expected=3
ok
test governance::tests::qs_a3_newline_outside_paste_still_resets ... V7OBS qs_a3_newline_outside_paste got=0 expected=0
ok
test governance::tests::qs_a_bracketed_paste_envelope_is_not_input_but_body_is ... ok
test governance::tests::qs_a_empty_prompt_with_autoreply_residue_must_not_block_delivery ... ok
test governance::tests::qs_a_split_paste_body_must_count_like_single_call ... V7OBS qs_a_split_paste three_calls=[0, 8, 8] one_call=[8]
ok
test governance::tests::qs_a_split_paste_boundary_inside_body_must_count_like_single_call ... V7OBS qs_a_split_paste_mid_body three_calls=[4, 8, 8] one_call=[8]
ok
test governance::tests::qs_a_split_paste_single_call_counts_body_only_eight ... V7OBS qs_a_split_paste_single_call got=8 expected=8
ok
test governance::tests::qs_a_terminal_autoreply_must_not_accumulate_pending_input ... ok
test governance::tests::queue_delivery_single_helper_shared_by_tick_and_rpc ... ok
test governance::tests::queue_head_wait_clamps_to_boot_and_surface_uptime ... ok
test governance::tests::queue_quiet_verdict_disabled_restores_current_behavior ... ok
test governance::tests::queue_quiet_verdict_never_injects_while_output_streaming ... ok
test governance::tests::queue_quiet_verdict_overdue_lowers_quiet_to_one_second ... ok
test governance::tests::queue_quiet_verdict_pins_current_rule_below_max_wait ... ok
test governance::tests::queue_starved_alert_fires_once_with_cooldown_and_resets_on_delivery ... ok
test governance::tests::r1_clear_first_passes_machine_residue_and_holds_human_draft ... ok
test governance::tests::r1f_in_agent_foreground_group_pure_table ... ok
test governance::tests::r1f_in_esc_recount_due_pure_table ... ok
test governance::tests::r1f_in_recount_event_is_not_routable ... ok
test governance::tests::r1f_in_reset_path_census_source_pin ... ok
test governance::tests::r1f_in_step_marker_is_lowered_by_each_reset_for_both_origins ... ok
test governance::tests::r1f_in_step_marks_only_a_human_lone_esc_exempted_under_v3 ... ok
test governance::tests::r1f_in_tick_wiring_source_pin ... ok
test governance::tests::r2f_dm_empty_seat_remedy_adds_the_ctrl_u_clause_only_when_the_input_count_is_positive ... ok
test governance::tests::r6_alt_screen_delivery_requires_positive_prompt_layout ... ok
test governance::tests::r7_codex_alt_screen_idle_composer_delivers_via_placeholder ... ok
test governance::tests::r7_completed_frame_change_revalidates_screen_safety_at_handoff ... ok
test governance::tests::reap_exited_does_not_tombstone_role ... ok
test governance::tests::reflect_r2_pasted_marker_and_rule_drafts_survive_the_stale_reset ... ok
test governance::tests::registration_matcher_rejects_path_segment_data_args ... ok
test governance::tests::registration_matcher_windows_fixtures ... ok
test governance::tests::rqfix2_deliver_queued_refcell_is_borrowed_only_inside_tick_defs ... ok
test governance::tests::rqfix2_foreground_is_agent_pure_table ... ok
test governance::tests::rqfix2_hint_claim_matches_force_deliver_gates_source_pin ... ok
test governance::tests::rqfix2_m3_visibility_does_not_blank_a_marker_row_that_is_not_the_cursor_row ... ok
test governance::tests::rqfix2_m6_empty_file_does_not_overwrite_the_previous_generation_on_the_next_boot ... ok
test governance::tests::rqfix2_m6_queue_blocked_file_information_rule ... ok
test governance::tests::rqfix2_n3_panic_path_enters_the_sixty_second_suppression ... ok
test governance::tests::rqfix2_tick_flag_takes_only_strict_evidence ... ok
test governance::tests::rqfix_apply_pending_input_follows_the_seat_flag ... ok
test governance::tests::rqfix_bare_shell_lone_escape_keeps_the_count_and_blocks_the_queue ... ok
test governance::tests::rqfix_diag_adapter_cache_is_not_used_by_gate_or_delivery_paths ... ok
test governance::tests::rqfix_f3_blocked_file_lists_paused_seats_and_parked_entries ... ok
test governance::tests::rqfix_f3_seat_pause_toggle_with_a_recorded_reason_rewrites_the_file ... ok
test governance::tests::rqfix_f3_signature_carries_pause_and_parked_count ... ok
test governance::tests::rqfix_f4_bare_shell_diag_reads_no_adapters ... ok
test governance::tests::rqfix_f4_diag_adapter_cache_loads_once_per_ttl_and_dir ... ok
test governance::tests::rqfix_f6_input_line_visibility_reads_the_whole_edit_region ... ok
test governance::tests::rqfix_f6_seat_screens_map_to_the_documented_codes ... ok
test governance::tests::rqfix_i1_retry_and_log_suppression_pure_rules ... ok
test governance::tests::rqfix_i2_human_edit_key_on_machine_residue_marks_the_line_human_touched ... ok
test governance::tests::rqfix_i9_first_write_of_a_boot_rotates_the_previous_file_exactly_once ... ok
test governance::tests::rqfix_lone_key_exempt_for_is_a_three_way_and ... ok
test governance::tests::rqfix_lone_key_exempt_single_writer_and_wiring_source_pin ... ok
test governance::tests::rqfix_paused_queue_remedy_matches_table_rows_one_and_two ... ok
test governance::tests::rqfix_sync_lone_key_exempt_loads_adapters_lazily_once ... ok
test governance::tests::rqfix_vocabulary_contract_for_codes_suffix_and_declarations ... ok
test governance::tests::same_command_piled_in_one_surface_fires_alert_and_is_killable ... ok
test governance::tests::same_command_spread_one_per_surface_is_not_duplicate ... ok
test governance::tests::same_endpoint_held_by_two_roles_fires_alert ... ok
test governance::tests::scan_caches_are_keyed_by_full_input_and_pruned ... [gate-corpus] claude: login-method: ★해소본에 **부재의 비용이 비가역인** 빌트인 관문이 없다 — 코드 정본을 강제 **복원**했다(선언은 그대로 두고 덧붙이기만 한다). 이 관문의 부재는 좌석 rc 1 종료·허위 READY 영구화·관측 전제 파괴 중 하나로 귀결한다
[gate-corpus] claude: oauth-code: ★해소본에 **부재의 비용이 비가역인** 빌트인 관문이 없다 — 코드 정본을 강제 **복원**했다(선언은 그대로 두고 덧붙이기만 한다). 이 관문의 부재는 좌석 rc 1 종료·허위 READY 영구화·관측 전제 파괴 중 하나로 귀결한다
[gate-corpus] claude: folder-trust: ★해소본에 **부재의 비용이 비가역인** 빌트인 관문이 없다 — 코드 정본을 강제 **복원**했다(선언은 그대로 두고 덧붙이기만 한다). 이 관문의 부재는 좌석 rc 1 종료·허위 READY 영구화·관측 전제 파괴 중 하나로 귀결한다
[gate-corpus] claude: bypass-disclaimer: ★해소본에 **부재의 비용이 비가역인** 빌트인 관문이 없다 — 코드 정본을 강제 **복원**했다(선언은 그대로 두고 덧붙이기만 한다). 이 관문의 부재는 좌석 rc 1 종료·허위 READY 영구화·관측 전제 파괴 중 하나로 귀결한다
[gate-corpus] claude: feature-announce-fullscreen: ★해소본에 **부재의 비용이 비가역인** 빌트인 관문이 없다 — 코드 정본을 강제 **복원**했다(선언은 그대로 두고 덧붙이기만 한다). 이 관문의 부재는 좌석 rc 1 종료·허위 READY 영구화·관측 전제 파괴 중 하나로 귀결한다
[gate-corpus] claude: CYS_FIRST_RUN_GATES_OVERRIDE=0 — agents.json override 파싱 비활성(코드 정본만 사용)
ok
test governance::tests::seat_agent_observed_pins_strict_matcher_not_raw_occupied ... ok
test governance::tests::select_observed_agent_requires_exactly_one_match ... ok
test governance::tests::surface_crashed_predicate_window_semantics ... ok
test governance::tests::tombstones_rev_increments_only_on_change ... ok
test governance::tests::triage_r1wp1hf_alt_screen_handoff_rereads_approval_control ... ok
test governance::tests::triage_r1wp1hf_queue_quiet_knob_cannot_go_below_one_second ... ok
test governance::tests::triage_r1wp1hf_weak_layout_static_and_survives_the_queue_quiet_knob ... ok
test governance::tests::triage_wp5_failed_tombstone_io_must_consume_the_tick_budget ... ok
test governance::tests::triage_wp5_restored_cap_budget_slice_must_stay_in_age_order ... ok
test governance::tests::triage_wp5_restored_cap_must_publish_expired_before_evicting ... ok
test governance::tests::triage_wp5_rollback_must_not_put_an_expired_entry_back_on_the_active_head ... ok
test governance::tests::triage_wp5_rollback_must_not_resurrect_a_disposed_entry ... ok
test governance::tests::u10_approval_stall_skips_exited_surface ... ok
test governance::tests::u10_approval_stall_skips_orphan_surface ... ok
test governance::tests::u10_approval_stall_target_live_table ... ok
test governance::tests::u8_p1_text_arm_holds_on_a_foreground_modal_source_pin ... ok
test governance::tests::v2_autoreply_exempt_outside_paste_only ... ok
test governance::tests::v2_carried_escape_inside_paste_then_ttl_expiry_then_cr_submits ... ok
test governance::tests::v2_carried_escape_then_cr_is_submit_not_meta_enter ... ok
test governance::tests::v2_close_marker_cut_at_escape_inside_paste_closes_envelope ... ok
test governance::tests::v2_lone_escape_chunk_then_cr_submits ... ok
test governance::tests::v2_lone_escape_then_focus_report_is_not_merged ... ok
test governance::tests::v2_meta_enter_is_newline_not_submit ... ok
test governance::tests::v2_origin_split_tracks_human_bytes ... ok
test governance::tests::v2_split_f_focus_report_inside_paste_counts_like_single_call ... ok
test governance::tests::v2_split_i_envelope_cut_mid_marker_counts_like_single_call ... ok
test governance::tests::v2_tail_carry_is_bounded_and_uncounted ... ok
test governance::tests::v2_tail_carry_requires_two_byte_marker_prefix ... ok
test governance::tests::v2_trailing_newline_paste_keeps_body ... ok
test governance::tests::v2_unterminated_paste_released_by_ctrl_c_without_decrement ... ok
test governance::tests::v2_unterminated_paste_releases_after_ttl_and_keeps_count ... ok
test governance::tests::v3_backspace_never_subtracts ... ok
test governance::tests::v3_backspace_on_empty_line_is_not_counted ... ok
test governance::tests::v3_current_child_probe ... ok
test governance::tests::v3_current_reads_env_once_per_process ... ok
test governance::tests::v3_equals_v2_when_no_lone_escape_or_backspace_chunk ... ok
test governance::tests::v3_escape_after_carried_tail_counts_like_v2 ... ok
test governance::tests::v3_escape_after_text_is_not_a_reset ... ok
test governance::tests::v3_escape_then_reset_keys_still_submit_for_both_origins ... ok
test governance::tests::v3_ghost_plus_lone_escape_does_not_block_queue ... ok
test governance::tests::v3_inside_paste_envelope_counts_like_v2 ... ok
test governance::tests::v3_keys_that_can_leave_text_still_count ... ok
test governance::tests::v3_lone_escape_after_text_adds_nothing ... ok
test governance::tests::v3_lone_escape_on_empty_line_is_not_counted ... ok
test governance::tests::v3_lone_escape_then_focus_report_stays_zero ... ok
test governance::tests::v3_machine_origin_lone_escape_and_backspace_not_counted ... ok
test governance::tests::v3_model_selection_from_env_value_and_os_default ... ok
test governance::tests::v3_wrapper_follows_current_model ... ok
test governance::tests::v7_probe_observed_counts_table ... V7OBS d01.focus_in ESC[I bytes=3 is_pure_terminal_autoreply=true pending_after(prev=0)=0
V7OBS d01.focus_out ESC[O bytes=3 is_pure_terminal_autoreply=true pending_after(prev=0)=0
V7OBS d01.cpr ESC[24;80R bytes=8 is_pure_terminal_autoreply=true pending_after(prev=0)=0
V7OBS d01.decxcpr ESC[?24;80R bytes=9 is_pure_terminal_autoreply=true pending_after(prev=0)=0
V7OBS d01.da1 ESC[?62;1;6c bytes=10 is_pure_terminal_autoreply=true pending_after(prev=0)=0
V7OBS d01.da2 ESC[>0;276;0c bytes=11 is_pure_terminal_autoreply=true pending_after(prev=0)=0
V7OBS d01.xtversion bytes=16 is_pure_terminal_autoreply=true pending_after(prev=0)=0
V7OBS d01.decrpm ESC[?2004;1$y bytes=11 is_pure_terminal_autoreply=true pending_after(prev=0)=0
V7OBS d01.kitty ESC[?1u bytes=5 is_pure_terminal_autoreply=true pending_after(prev=0)=0
V7OBS d01.osc11 bytes=24 is_pure_terminal_autoreply=true pending_after(prev=0)=0
V7OBS d01.sgr_mouse ESC[<0;5;7M bytes=9 is_pure_terminal_autoreply=true pending_after(prev=0)=0
V7OBS d01.ten_click_cycles steps=[0, 0, 0, 0, 0, 0, 0, 0, 0, 0, 0, 0, 0, 0, 0, 0, 0, 0, 0, 0] final=0
V7OBS d01.inject_text_single_buffer(OPEN+body\n+CLOSE) steps=[9] final=9
V7OBS d02.abc_then_BSx3 (per-key chunks) steps=[1, 2, 3, 4, 5, 6] final=6
V7OBS d02.abc_then_BSx3 (one chunk) steps=[6] final=6
V7OBS d02.abc_then_bare_ESC steps=[1, 2, 3, 4] final=4
V7OBS d02.abc_then_ESC[A (up arrow) steps=[1, 2, 3, 6] final=6
V7OBS d02.abc_then_ctrl_h_0x08 x3 steps=[3, 4, 5, 6] final=6
V7OBS d02.386_chars_then_386_BS(final only) steps=[772] final=772
V7OBS d03.paste a\nb (one call) steps=[3] final=3
V7OBS d03.paste a\rb (one call · xterm.js 가 \n→\r 정규화) steps=[3] final=3
V7OBS d03.paste abc\n (trailing newline) steps=[4] final=4
V7OBS d03.outside abc\n steps=[0] final=0
V7OBS d03.prev=5 then paste a\nb steps=[8] final=8
V7OBS split.A three_calls OPEN/CPR/CLOSE steps=[0, 8, 8] final=8
V7OBS split.B one_call OPEN+CPR+CLOSE steps=[8] final=8
V7OBS split.C boundary_in_body OPEN+ESC[24 / ;80R / CLOSE steps=[4, 8, 8] final=8
V7OBS split.D two_calls OPEN+CPR / CLOSE steps=[8, 8] final=8
V7OBS split.E two_calls OPEN / CPR+CLOSE steps=[0, 8] final=8
V7OBS split.F three_calls OPEN/focus ESC[I/CLOSE steps=[0, 3, 3] final=3
V7OBS split.G plain body three_calls OPEN/hello/CLOSE steps=[0, 5, 5] final=5
V7OBS split.H plain body one_call steps=[5] final=5
V7OBS split.I envelope cut mid-marker ESC[20 / 0~hello / ESC[201~ steps=[0, 5, 5] final=5
ok
test governance::tests::wakeup_entry_ids_caps_count_and_hex_length ... ok
test governance::tests::wakeup_entry_ids_empty_when_no_token ... ok
test governance::tests::wakeup_entry_ids_extracts_all_digest_ids_in_order_dedup ... ok
test governance::tests::wakeup_entry_ids_extracts_single_id_with_boundary ... ok
test governance::tests::wakeup_entry_ids_rejects_malformed_tokens ... ok
test governance::tests::wp5_alt_screen_idle_claude_prompt_is_deliverable ... ok
test governance::tests::wp5_alt_screen_requires_quiet_three_seconds ... ok
test governance::tests::wp5_alt_screen_without_layout_evidence_is_refused ... ok
test governance::tests::wp5_codex_idle_composer_delivers_via_prompt_marker ... ok
test governance::tests::wp5_counterexamples_all_refused ... ok
test governance::tests::wp5_delivery_interval_blocks_back_to_back_deliveries ... ok
test governance::tests::wp5_delivery_transaction_rechecks_expiry ... ok
test governance::tests::wp5_discard_expired_writes_tombstone_without_text_hash ... ok
test governance::tests::wp5_empty_seat_label_wins_over_prompt_unknown ... ok
test governance::tests::wp5_expired_queue_cap_evicts_oldest_with_tombstone ... ok
test governance::tests::wp5_expiry_pass_credits_paused_time_and_never_before_entry_existed ... ok
test governance::tests::wp5_expiry_pass_moves_to_expired_queue_and_notifies_sender_once ... ok
test governance::tests::wp5_force_deliver_respects_interval_and_prompt_gate ... ok
test governance::tests::wp5_ledger_from_contract_and_receipt_line ... ok
test governance::tests::wp5_no_marker_seat_refuses_alt_screen_and_modal_vocabulary ... ok
test governance::tests::wp5_prompt_gate_verdict_pure_rules ... ok
test governance::tests::wp5_r1_close_surface_parks_expired_when_the_tombstone_fails ... ok
test governance::tests::wp5_r1_codex_busy_frame_is_refused_measured_20260907 ... ok
test governance::tests::wp5_r1_cx_expired_notice_accepts_empty_set ... ok
test governance::tests::wp5_r1_cx_expired_notice_distinguishes_id_sets ... ok
test governance::tests::wp5_r1_cx_expired_notice_distinguishes_senders ... ok
test governance::tests::wp5_r1_cx_expired_notice_distinguishes_targets ... ok
test governance::tests::wp5_r1_cx_expired_notice_has_disjoint_queue_prefix ... ok
test governance::tests::wp5_r1_cx_expired_notice_is_order_independent ... ok
test governance::tests::wp5_r1_draft_after_cursor_survives_the_stale_pending_reset ... ok
test governance::tests::wp5_r1_drop_refuses_entry_that_became_active_under_the_lock ... ok
test governance::tests::wp5_r1_expired_cap_is_enforced_without_any_new_expiry ... ok
test governance::tests::wp5_r1_expired_event_is_published_once_even_when_notice_cannot_be_queued ... ok
test governance::tests::wp5_r1_expired_notice_is_persisted_before_the_flag_and_retried_idempotently ... [queue] 영속 중단(expired-first) — queue-expired.json 원자 치환 실패: Access is denied. (os error 5) · 원본 보존(다음 틱 재시도)
[queue] 영속 중단(expired-first) — queue-expired.json 원자 치환 실패: Access is denied. (os error 5) · 원본 보존(다음 틱 재시도)
ok
test governance::tests::wp5_r1_expired_notice_names_the_right_target_per_surface ... ok
test governance::tests::wp5_r1_expiry_move_is_atomic_against_concurrent_drop ... ok
test governance::tests::wp5_r1_failed_queue_persist_is_retried_by_the_tick_without_new_mutations ... [queue] 영속 중단(expired-first) — queue-expired.json 원자 치환 실패: Access is denied. (os error 5) · 원본 보존(다음 틱 재시도)
ok
test governance::tests::wp5_r1_no_marker_quiet_fallback_refuses_pending_approval ... ok
test governance::tests::wp5_r1_revive_is_atomic_against_concurrent_expiry_sweep ... ok
test governance::tests::wp5_r2_active_drain_leaves_a_tombstone_in_the_ledger ... ok
test governance::tests::wp5_r2_evict_and_settle_budgets_are_per_tick_not_per_call ... ok
test governance::tests::wp5_r2_evicted_expired_entries_still_publish_the_expired_event ... ok
test governance::tests::wp5_r2_expired_notice_is_not_lost_when_the_flag_persisted_without_the_notice ... ok
test governance::tests::wp5_r2_expired_notice_survives_a_restart_at_the_crash_window ... ok
test governance::tests::wp5_r2_expiry_sweep_leaves_the_entry_that_is_being_written ... ok
test governance::tests::wp5_r2_gemini_prompt_marker_enabled_after_measured_frame_20260921 ... ok
test governance::tests::wp5_r2_multiline_draft_with_empty_cursor_row_survives_the_stale_reset ... ok
test governance::tests::wp5_r2_park_never_resurrects_a_dropped_entry ... ok
test governance::tests::wp5_r2_reserved_inject_is_persisted_and_disposers_must_cancel_it_first ... ok
test governance::tests::wp5_r2_restored_expired_cap_evicts_the_oldest_not_the_newest ... ok
test governance::tests::wp5_r5_frame_quiet_and_generation_are_one_observation ... ok
test governance::tests::wp5_settle_budget_skip_threshold_is_not_zero ... ok
test governance::tests::wp5_spinner_near_cursor_blocks_even_when_quiet ... ok
test governance::tests::wp5_stale_pending_input_resets_after_window_unless_generation_moves ... ok
test governance::tests::wrapper_delegates_to_the_promoted_collector_source_pin ... ok
test governance::tests::wrapper_parent_and_child_sharing_endpoint_collapse_to_one ... ok
test governance::tests::zero_threshold_disables_scope ... ok
test governance::tests::zombie_threshold_fires_on_third_miss ... ok
test governance::todo_decl_tests::canonical_pack_round_is_scanned ... ok
test governance::todo_decl_tests::declaration_beyond_head_budget_is_not_honored ... ok
test governance::todo_decl_tests::excluded_todos_publish_no_events_on_change ... ok
test governance::todo_decl_tests::ghost_todos_are_excluded_and_unclaimed_is_flagged ... ok
test governance::todo_decl_tests::golden_fixtures_drive_daemon_verdicts_from_external_sot ... ok
test governance::todo_decl_tests::non_utf8_todo_is_lossy_decoded_like_python ... ok
test governance::todo_decl_tests::retiring_a_counted_todo_removes_it_from_progress ... ok
test governance::todo_decl_tests::unchanged_mtime_skips_reparse_even_for_excluded_files ... ok
test governance::todo_decl_tests::update_event_carries_owner_but_not_sentinel ... ok
test governance::todo_decl_tests::update_event_carries_verdict_for_unclaimed_and_orphan ... ok
test governance::todo_decl_tests::vanished_files_are_pruned_from_both_maps ... ok
test governance::todo_decl_tests::verdict_cache_keeps_declared_owner_for_status_snapshot ... ok
test governance::todo_decl_tests::watchdog_tick_survives_both_poisoned_todo_locks ... 
thread '<unnamed>' (15068) panicked at src\bin\cysd\governance.rs:25733:21:
의도된 패닉 — todo_progress poison

thread '<unnamed>' (15552) panicked at src\bin\cysd\governance.rs:25736:21:
의도된 패닉 — todo_verdict poison
ok
test handlers::tests::a2_absorb_order_and_leaf_lock_source_pin ... ok
test handlers::tests::a2_return_absorb_verdict_table ... ok
test handlers::tests::a2_ticket_after_key_write_table ... ok
test handlers::tests::a2f1_narrow_absorb_for_approval_table ... ok
test handlers::tests::a2f1_narrowing_on_both_verdicts_and_observed_outside_gate_source_pin ... ok
test handlers::tests::a_cancelled_attempt_never_commits ... ok
test handlers::tests::agent_alive_is_tri_state_so_never_observed_is_not_absence ... ok
test handlers::tests::agent_meta_snapshot_is_consistent_across_list_and_status ... ok
test handlers::tests::approval_capabilities_is_readonly_and_declares_ttl ... ok
test handlers::tests::approval_check_never_rewrites_a_store_it_could_not_read ... [approval] 승인 저장소 read: 승인 저장소를 읽지 못해 트랜잭션을 중단했다 — C:\Users\RUNNER~1\AppData\Local\Temp\cys-acl-ttl-wipe-9448-1791161985\.cys\approvals-ttl.json: records 디코드 실패: missing field `version`
ok
test handlers::tests::approval_check_rechecks_expiry_after_it_gets_the_store_lock ... ok
test handlers::tests::approval_sign_allowed_when_master_stable ... ok
test handlers::tests::approval_sign_denied_when_caller_not_master ... ok
test handlers::tests::approval_sign_denied_when_master_just_claimed ... ok
test handlers::tests::approval_sign_denied_when_no_master ... ok
test handlers::tests::approval_ttl_roundtrip_through_rpc ... ok
test handlers::tests::auth_gate_decide_denies_only_on_fresh_oracle_evidence_for_this_profile ... ok
test handlers::tests::auth_gate_folds_into_the_profile_gate_rollback_switch ... ok
test handlers::tests::auth_gate_prescription_never_matches_a_health_rule ... ok
test handlers::tests::auth_gate_runs_after_the_idempotency_gate ... ok
test handlers::tests::auth_gate_runs_after_the_privileged_role_gate ... ok
test handlers::tests::authoritative_gate_unit_denies_nonauthoritative ... ok
test handlers::tests::authoritative_non_restore_root_denied_during_active_restore ... ok
test handlers::tests::authoritative_restore_root_descendant_bypasses_both_send_paths ... ok
test handlers::tests::authoritative_send_bypasses_typing_guard ... ok
test handlers::tests::awaiting_since_is_not_shifted_by_sleep_since_daemon_start ... ok
test handlers::tests::b1_order_inverted_is_observed_when_same_sender_has_pending_queue ... ok
test handlers::tests::b3_queue_list_full_exposes_text_only_when_requested ... ok
test handlers::tests::b3_status_tests::b3_seat_axis_carryover_refresh_does_not_revive_and_unreadable_identity_keeps_the_alert ... ok
test handlers::tests::b3_status_tests::b3_seat_axis_login_switch_retires_the_seat_alert_and_unchanged_login_keeps_it ... ok
test handlers::tests::b3_status_tests::b3_status_flags_a_switched_login_and_aged_windows_but_never_an_unchanged_one ... ok
test handlers::tests::b3_status_tests::b3_status_usage_carries_the_computed_keys_on_all_three_surfaces ... ok
test handlers::tests::b3_status_tests::b3_usage_accounts_rpc_carries_the_additive_keys ... ok
test handlers::tests::b3_status_tests::b3_usage_report_records_the_attributed_account_and_the_report_time ... ok
test handlers::tests::b3_status_units::b3_non_claude_seat_is_always_in_use_for_the_freshness_rule ... ok
test handlers::tests::b3_status_units::b3_status_arms_build_the_identity_view_before_the_surfaces_guard ... ok
test handlers::tests::b3_status_units::b3_status_flags_a_switched_login_and_its_aged_window ... ok
test handlers::tests::b3_status_units::b3_status_polling_does_not_restat_the_identity_file ... ok
test handlers::tests::b_claimed_from_sid_and_pair_key_table ... ok
test handlers::tests::boot_enqueue_authorizes_gui_only_with_the_operator_token ... ok
test handlers::tests::boot_enqueue_cross_verifies_claim_against_the_registry ... ok
test handlers::tests::boot_enqueue_refuses_an_unresolved_caller ... ok
test handlers::tests::boot_enqueue_refuses_when_supervisor_is_off ... ok
test handlers::tests::boot_enqueue_rejects_self_reported_surface_and_lane ... ok
test handlers::tests::boot_enqueue_rejects_unknown_decl_origin ... ok
test handlers::tests::boot_enqueue_writes_a_v3_intent_with_own_lane_and_content_derived_id ... ok
test handlers::tests::boot_gates_guard_also_serializes_with_the_auth_gate_lock ... ok
test handlers::tests::boot_nonce_ack_model_holds_all_five_branches ... kill: 19824: No such process
ok
test handlers::tests::boot_sentinel_makes_empty_ledger_detectable ... SENTINEL-LINE {"chars":0,"daemon_epoch":1791162039.971665,"from":null,"origin":"boot","pid":9448,"preview":"","sha256":"-","surface":"-","ts":"2026-10-05T01:00:39Z","ts_epoch":1791162039.971665,"v":1}
ok
test handlers::tests::c5_direct_send_denial_appends_ctrl_u_only_for_ghost_count ... ok
test handlers::tests::c5_ghost_suffix_keeps_cli_fallback_and_settle_parsers_working ... ok
test handlers::tests::c5_org_status_adds_queue_blocked_keys_and_pending_input_model ... ok
test handlers::tests::c5_org_status_remedy_is_computed_after_the_surfaces_guard_is_dropped ... ok
test handlers::tests::c5_queue_list_adds_remedy_and_diag_keys_per_seat ... ok
test handlers::tests::c5_queue_list_diag_is_once_per_seat_before_the_queue_lock ... ok
test handlers::tests::c_ceo_injection_sanitized_before_ledger ... ok
test handlers::tests::c_clear_first_text_sanitized_before_ledger ... ok
test handlers::tests::c_direct_fence_dispatch_behavior ... ignored, 좌석 명령이 POSIX 셸 문법
test handlers::tests::c_direct_fence_mode_decision_table ... ok
test handlers::tests::c_direct_fence_pending_accounting ... ok
test handlers::tests::c_direct_fence_seat_ok_truth_table ... ok
test handlers::tests::c_send_text_write_req_fence_mapping ... ok
test handlers::tests::caller_cache_enforces_hard_cap_within_ttl_window ... ok
test handlers::tests::caller_cache_evicts_expired_entries_on_insert ... ok
test handlers::tests::caller_cache_negative_reresolves_after_registration_during_walk ... ok
test handlers::tests::caller_cache_negative_trusted_while_generation_unchanged ... ok
test handlers::tests::caller_cache_positive_ignores_generation ... ok
test handlers::tests::caller_cache_rejects_reused_pid_by_start_time ... ok
test handlers::tests::caller_env_that_redirects_the_account_dir_clears_the_trust_flag ... ok
test handlers::tests::claim_role_allows_self_claim ... ok
test handlers::tests::claim_role_cso_variant_goes_through_the_privileged_gate ... [claim_role] 역할 가족 전이 관측: surface 2 worker-3 → cso-2 (정당 전이일 수 있어 허용 — 감사 대장 role.family_transition 참조)
[claim_role] 역할 가족 전이 관측: surface 2 worker-3 → cso-2 (정당 전이일 수 있어 허용 — 감사 대장 role.family_transition 참조)
ok
test handlers::tests::claim_role_rederives_caps_on_transition ... ok
test handlers::tests::claim_role_rejects_anonymous_caller ... ok
test handlers::tests::claim_role_rejects_foreign_surface ... ok
test handlers::tests::claim_role_rejects_master_takeover_by_live_holder ... [claim_role] 역할 가족 전이 관측: surface 2 worker-1 → master (정당 전이일 수 있어 허용 — 감사 대장 role.family_transition 참조)
ok
test handlers::tests::claim_role_same_generation_token_mismatch_is_rejected_loudly ... ok
test handlers::tests::claim_role_seat_token_authorizes_orphan_caller ... ok
test handlers::tests::claim_role_seat_token_chain_conflict_is_vetoed ... ok
test handlers::tests::claim_role_seat_token_veto_uses_fresh_walk_over_stale_cache ... ok
test handlers::tests::claim_role_stale_generation_token_is_treated_as_absent ... ok
test handlers::tests::claim_role_success_bumps_caller_generation ... ok
test handlers::tests::claim_role_unresolved_caller_is_not_claim_denied ... ok
test handlers::tests::close_allows_anonymous ... ok
test handlers::tests::close_allows_creator_rollback_reap ... ok
test handlers::tests::close_allows_self ... ok
test handlers::tests::close_cause_reap_vs_owner ... ok
test handlers::tests::close_denies_creator_owner_close ... ok
test handlers::tests::close_denies_creator_rollback_after_ttl ... ok
test handlers::tests::close_denies_foreign_surface_even_with_reap ... ok
test handlers::tests::close_rejects_foreign_surface ... ok
test handlers::tests::closing_a_seat_drops_its_creator_ledger_entry ... ok
test handlers::tests::collector_tick_retries_only_held_measured_observation ... ok
test handlers::tests::concurrent_reports_fire_once ... ok
test handlers::tests::config_mtime_memo_can_only_fail_open ... ok
test handlers::tests::context_threshold_fires_on_crossing_only ... ok
test handlers::tests::context_threshold_fires_on_first_report_above ... ok
test handlers::tests::context_threshold_fires_once_regardless_of_axis_arrival_order ... ok
test handlers::tests::context_threshold_measured_axis_wins_over_self_report ... ok
test handlers::tests::context_threshold_self_report_is_sole_input_without_measurement ... ok
test handlers::tests::corrupt_autopilot_file_restores_as_paused_fail_closed ... [cysd] autopilot.json 손상 — 동결 유지 · cys resume 로 해제 (JSON 파싱 실패: EOF while parsing a string at line 1 column 30)
[cysd] autopilot.json 손상 — 동결 유지 · cys resume 로 해제 (JSON 파싱 실패: EOF while parsing a value at line 1 column 0)
[cysd] autopilot.json 손상 — 동결 유지 · cys resume 로 해제 (paused 불리언 부재)
[cysd] autopilot.json 손상 — 동결 유지 · cys resume 로 해제 (JSON 파싱 실패: EOF while parsing a string at line 1 column 30)
ok
test handlers::tests::cr_gap_delay_only_delays_submit_keys_inside_the_window ... ok
test handlers::tests::creator_can_inject_into_the_seat_it_just_created ... ok
test handlers::tests::creator_grade_does_not_leak_to_seats_it_did_not_create ... ok
test handlers::tests::creator_matches_is_fail_closed_on_reuse_missing_start_time_and_ttl ... [T9] creator_matches reader=legacy
ok
test handlers::tests::creator_promotion_that_flips_verdict_is_audited ... ok
test handlers::tests::d12_authoritative_caller_cancel_key_exempt ... ok
test handlers::tests::d12_authoritative_caller_exempt ... ok
test handlers::tests::d12_autoreply_only_line_counts_as_empty ... ok
test handlers::tests::d12_cancel_key_alias_denies_human_draft_but_passes_machine_residue ... ok
test handlers::tests::d12_cancel_key_denial_does_not_prescribe_queued ... ok
test handlers::tests::d12_clear_first_passes_machine_residue_but_denies_human_draft ... ok
test handlers::tests::d12_denials_publish_once_per_request_including_clear_first_and_enter ... ok
test handlers::tests::d12_detached_caller_authoritative_cancel_key_is_still_denied ... ok
test handlers::tests::d12_direct_send_text_denied_when_human_draft_pending ... ok
test handlers::tests::d12_direct_send_text_passes_on_empty_line ... ok
test handlers::tests::d12_gui_assembled_cancel_byte_denied_when_human_draft_pending ... ok
test handlers::tests::d12_gui_assembled_clear_first_denied_when_human_draft_pending ... ok
test handlers::tests::d12_gui_assembled_submit_payload_denied_when_human_draft_pending ... ok
test handlers::tests::d12_gui_pure_insertion_without_newline_passes_into_own_draft ... ok
test handlers::tests::d12_navigation_keys_stay_ungated_with_human_draft ... ok
test handlers::tests::d12_real_human_return_without_machine_origin_passes ... ok
test handlers::tests::d12_screen_axis_denies_text_when_count_zero_but_cursor_row_has_draft ... ok
test handlers::tests::d12_send_key_return_denied_when_human_draft_pending ... ok
test handlers::tests::d12_send_key_return_passes_after_own_direct_send ... ok
test handlers::tests::d12_submit_key_alias_denial_prescribes_return_queued ... ok
test handlers::tests::d12_submit_key_alias_denied_when_human_draft_pending ... ok
test handlers::tests::derive_node_state_keywords ... ok
test handlers::tests::drop_inside_the_after_cycle_window_reports_the_measured_peak ... ok
test handlers::tests::duplicate_id_forgery_is_not_resigned_through_rpc ... ok
test handlers::tests::edge_feed_sentence_follows_the_verdict ... ok
test handlers::tests::edge_return_loop_is_fed_at_1_2_4_8_with_24h_counts ... ok
test handlers::tests::env_role_state_reports_who_actually_holds_the_role ... ok
test handlers::tests::explicit_creator_deny_rule_blocks_the_creator ... ok
test handlers::tests::fatal_fix_node_rate_alerts_skip_agy_seats_and_reset_windows ... ok
test handlers::tests::fatal_fix_outside_prethrottle_runs_before_the_caller_scan ... ok
test handlers::tests::fatal_fix_restored_seat_still_feeds_account_alerts_from_its_own_profile ... ok
test handlers::tests::fatal_fix_seat_report_outside_its_config_dir_keeps_badge_and_threshold_but_not_account_alerts ... ok
test handlers::tests::feed_events_carry_tier ... ok
test handlers::tests::feed_push_rejects_reserved_daemon_prefix ... ok
test handlers::tests::feed_reply_blocks_self_approval ... cysd: feed.reply 거부(self_approval_denied) — request_id=f_self caller pid=Some(4242) pgid=None sid=None / publisher pid=Some(4242) pgid=None sid=None
cysd: feed.reply 거부(self_approval_denied) — request_id=f_anon caller pid=Some(4242) pgid=None sid=None / publisher pid=None pgid=None sid=None
ok
test handlers::tests::feed_reply_imprints_resolver_three_sides ... ok
test handlers::tests::feed_reply_operator_token_bypasses_self_approval ... cysd: feed.reply 거부(self_approval_denied) — request_id=f_op caller pid=Some(4242) pgid=None sid=None / publisher pid=Some(4242) pgid=None sid=None
cysd: feed.reply 거부(self_approval_denied) — request_id=f_op caller pid=Some(4242) pgid=None sid=None / publisher pid=Some(4242) pgid=None sid=None
ok
test handlers::tests::feeds_are_not_routable ... ok
test handlers::tests::fv2_pause_retry_and_submit_cr_guard_placement_source_pin ... ok
test handlers::tests::gate_pending_followup_rides_the_first_mark_and_survives_remarks ... ok
test handlers::tests::gate_pending_rpc_is_the_single_write_path_and_refuses_self_declaration ... ok
test handlers::tests::gate_pending_seat_stays_a_live_role_seat_so_phoenix_never_resurrects_it ... ok
test handlers::tests::gate_pending_wire_expires_at_the_single_serialization_point ... ok
test handlers::tests::glob_literal_and_star ... ok
test handlers::tests::glob_match_agrees_with_recursive_oracle_over_corpus ... ok
test handlers::tests::glob_match_dot_does_not_cross_newline ... ok
test handlers::tests::glob_multistar_matches_cli_semantics ... ok
test handlers::tests::glob_regex_special_chars_are_literal ... ok
test handlers::tests::h4_burst_second_approval_not_held_by_own_paste ... ignored, 윈도우 기본 H 마스크는 draft 축을 끈다(hold_axes_default(true)) — 이 검체는 유닉스 기본(draft 축) 동작을 본다
test handlers::tests::h4_ceo_busy_injects ... ok
test handlers::tests::h4_ceo_hard_axes_escalate ... ignored, 윈도우 기본 H 마스크는 draft 축을 끈다(hold_axes_default(true)) — 이 검체는 유닉스 기본(draft 축) 동작을 본다
test handlers::tests::h4_cross_socket_residue_routes_to_ceo ... ignored, 윈도우 기본 H 마스크는 draft 축을 끈다(hold_axes_default(true)) — 이 검체는 유닉스 기본(draft 축) 동작을 본다
test handlers::tests::h4_knob_off_is_head_identical ... ok
test handlers::tests::h6_takeover_notice_skipped_on_pending_input ... ok
test handlers::tests::health_add_rule_upserts_by_name_and_caps_total ... ok
test handlers::tests::hook_decide_seat_token_resolution_and_conflict_undecided ... ok
test handlers::tests::hook_decide_verdict_truth_table ... ok
test handlers::tests::hook_machine_origin_reads_the_real_ledger_and_folds_unlabeled_pushes ... ok
test handlers::tests::idempotent_key_dead_surface_recreates ... ok
test handlers::tests::idempotent_reuse_returns_same ... ok
test handlers::tests::j3_direct_send_from_label_truth_table ... ok
test handlers::tests::j3_direct_send_ledger_from_label_only_without_verified_identity ... ok
test handlers::tests::j3_label_is_never_a_seat_claim_and_consumers_match_the_null_case ... ok
test handlers::tests::j3_queued_send_from_cli_label_reaches_entry_digest_header_and_ledger ... ok
test handlers::tests::k1_org_status_daemon_carries_abi_counters ... ok
test handlers::tests::learn_checkpoint_apply_merge_semantics_v2 ... ok
test handlers::tests::learn_checkpoint_apply_merges_rounds_and_ledger ... ok
test handlers::tests::lease_gate_precedes_any_side_effect_in_both_arms ... ok
test handlers::tests::legacy_walk_light_refresh_keeps_parent_and_start_time ... ok
test handlers::tests::level_and_ineffective_feeds_carry_measured_facts_only ... ok
test handlers::tests::live_cwd_goes_through_single_helper ... ok
test handlers::tests::manual_reap_denial_seven_condition_matrix ... ok
test handlers::tests::manual_reap_recheck_pins_state_changed_abort ... ok
test handlers::tests::migrate_seat_queue_appends_and_publishes_queue_migrated ... ok
test handlers::tests::never_observed_agent_serializes_as_null_on_both_wire_methods ... ok
test handlers::tests::non_owner_acl_verdict_and_payload_are_byte_identical ... ok
test handlers::tests::npm_prefix_notice_reaches_the_pane_on_windows_shells_too ... ok
test handlers::tests::npm_prefix_pollution_is_announced_to_pane_channel_and_ledger ... ok
test handlers::tests::only_explicit_owner_rule_can_deny_owner ... ok
test handlers::tests::optional_lease_is_cas_checked_before_any_side_effect ... ok
test handlers::tests::org_status_and_surface_list_expose_pending_input_bytes ... ok
test handlers::tests::org_status_exposes_npm_prefix_pollution_for_preflight ... ok
test handlers::tests::org_status_exposes_registered_session_id_bound_to_the_seat ... ok
test handlers::tests::output_generation_bracket_source_pin ... ok
test handlers::tests::owner_grade_needs_matching_token_and_no_pane_binding ... ok
test handlers::tests::owner_grant_audit_ledger_rotates_one_generation_over_cap ... ok
test handlers::tests::owner_is_allowed_when_acl_has_no_explicit_owner_rule ... ok
test handlers::tests::owner_promotion_that_flips_verdict_is_audited ... ok
test handlers::tests::owner_token_closes_machine_origin_gap_without_widening_ledger_exemption ... ok
test handlers::tests::owner_token_does_not_exempt_feed_reply_self_approval ... cysd: feed.reply 거부(self_approval_denied) — request_id=f_owner caller pid=Some(4343) pgid=None sid=None / publisher pid=Some(4343) pgid=None sid=None
ok
test handlers::tests::owner_token_passes_dept_acl_while_external_still_denied ... ok
test handlers::tests::pack_reinject_absent_loads_as_none ... ok
test handlers::tests::pack_reinject_persist_load_roundtrip ... ok
test handlers::tests::param_dim_accepts_numeric_string ... ok
test handlers::tests::param_dim_range_validation ... ok
test handlers::tests::param_dim_unparseable_falls_back_to_default ... ok
test handlers::tests::param_u64_string_edge_parsing ... ok
test handlers::tests::parse_redact_flag_truth_table ... ok
test handlers::tests::pause_freezes_before_actor_resolution_and_backfills_actor ... ok
test handlers::tests::pause_with_blank_reason_is_also_absence ... ok
test handlers::tests::pause_without_reason_records_absence_not_an_empty_string ... ok
test handlers::tests::persisted_pause_omits_reason_when_absent_and_survives_restart ... ok
test handlers::tests::pick_context_threshold_prefers_override ... ok
test handlers::tests::pty_retry_is_bounded_and_never_swallows_a_real_error ... ok
test handlers::tests::queue_clear_allows_anonymous ... ok
test handlers::tests::queue_clear_allows_self ... ok
test handlers::tests::queue_clear_rejects_foreign_surface ... ok
test handlers::tests::queue_deliver_denied_by_send_acl ... ok
test handlers::tests::queue_deliver_refused_while_daemon_paused ... ok
test handlers::tests::queue_deliver_rpc_delivers_single_and_plumbs_params ... ok
test handlers::tests::queue_list_exposes_new_columns_on_restored_rows ... ok
test handlers::tests::queue_list_exposes_pending_input_bytes_additive ... ok
test handlers::tests::queue_lock_order_contract_no_ab_ba ... ok
test handlers::tests::queue_revive_is_authorized_on_the_sender_axis_and_audits_the_caller ... ok
test handlers::tests::quiesce_edges_drive_guard_cycle ... ok
test handlers::tests::quiesce_off_outcome_decides_whether_the_cycle_ended ... ok
test handlers::tests::r1f_us_status::r1f_dashboard_and_usage_accounts_polling_enumerate_the_profile_folders_once_per_minute ... ok
test handlers::tests::r1f_us_status::r1f_usage_report_fills_the_identity_cache_and_the_alert_tick_does_not_read_the_file ... ok
test handlers::tests::r1v42_3_intermittent_executor_ineffective_feed_is_bounded_per_24h ... ok
test handlers::tests::r1v4_1_edge_feed_is_bounded_when_edge_and_growth_fires_alternate ... ok
test handlers::tests::r2f_dm_windows_like_100ns_clock_approvals_survive_reload_through_the_rpc_handlers ... ok
test handlers::tests::r3_1_clear_on_roleless_seat_repins_without_persist ... ok
test handlers::tests::r3_1_clear_register_repins_and_persists ... ok
test handlers::tests::r3_1_clear_rejects_foreign_session_and_bad_stem ... ok
test handlers::tests::r3_1_clear_rejects_old_full_conversation ... ok
test handlers::tests::r3_1_clear_rejects_session_held_by_exited_seat ... ok
test handlers::tests::r3_1_clear_rejects_session_registered_by_other_seat ... ok
test handlers::tests::r3_1_clear_rejects_unbound_caller_with_pid ... ok
test handlers::tests::r3_1_clear_requires_bound_caller ... ok
test handlers::tests::r3_1_continuity_missing_values ... ok
test handlers::tests::r3_1_kill_switch_off_keeps_pin_without_persist_or_event ... ok
test handlers::tests::r3_1_lineage_rejects_nested_or_unverified ... ok
test handlers::tests::r3_1_nested_helper_startup_does_not_disable_seat_clear ... ok
test handlers::tests::r3_1_nested_startup_then_clear_keeps_pin ... ok
test handlers::tests::r3_1_non_clear_sources_keep_pin ... ok
test handlers::tests::r3_1_successive_clears_follow_chain ... ok
test handlers::tests::r3_1_test_paths_are_absolute_on_this_os ... ok
test handlers::tests::r3_1_tool_shell_direct_clear_is_rejected_and_does_not_break_chain ... ok
test handlers::tests::r3_1c_concurrent_persist_never_tears_topology ... ok
test handlers::tests::read_text_quiet_secs_is_one_observation_with_the_screen ... ok
test handlers::tests::read_text_reports_quiet_secs_on_both_branches ... ok
test handlers::tests::reap_allows_privileged_after_grace ... ok
test handlers::tests::reap_denies_active_surface ... ok
test handlers::tests::reap_denies_anonymous ... ok
test handlers::tests::reap_denies_non_privileged ... ok
test handlers::tests::reap_denies_queue_nonempty_then_queue_clear_exited_reclaim ... ignored, 윈도우 ConPTY 는 자식이 끝나도 출력 파이프를 닫지 않는다 — reader EOF 로 좌석 종료를 아는 경로는 유닉스 전제
test handlers::tests::reclaim_auto_binds_single_candidate_and_demotes_old_seat ... ok
test handlers::tests::reclaim_auto_defers_while_restore_lease_is_held ... ok
test handlers::tests::reclaim_auto_excludes_freshly_spawned_seat ... ok
test handlers::tests::reclaim_auto_ignores_other_account_dir_and_other_cwd ... ok
test handlers::tests::reclaim_auto_is_idempotent_for_already_roled_caller ... ok
test handlers::tests::reclaim_auto_refuses_self_reported_axes_that_are_not_this_seats ... ok
test handlers::tests::reclaim_auto_refuses_to_commit_past_the_client_deadline ... ok
test handlers::tests::reclaim_auto_refuses_when_two_candidates ... ok
test handlers::tests::reclaim_auto_rejects_self_declared_surface_and_unresolved_caller ... ok
test handlers::tests::reclaim_auto_uses_daemon_known_axes_not_reported_ones ... ok
test handlers::tests::reclaim_commit_aborts_on_every_race_without_partial_effect ... ok
test handlers::tests::reclaim_master_rearms_the_sign_cooldown ... ok
test handlers::tests::reclaim_reconcile_is_readonly_and_returns_authoritative_role ... ok
test handlers::tests::reconcile_reports_a_commit_that_landed_before_the_cancel ... ok
test handlers::tests::reinject_mark_sets_field ... ok
test handlers::tests::repeated_checks_never_extend_expiry_through_rpc ... ok
test handlers::tests::residue_owner_truth_table ... ok
test handlers::tests::resolve_hit_path_releases_cache_lock_before_start_probe ... ok
test handlers::tests::resolve_role_rejects_dead_surface ... ok
test handlers::tests::resolve_surface_id_variants ... ok
test handlers::tests::restore_root_gate_allows_real_descendant ... [T9] restore_root_gate_allows_real_descendant reader=legacy
ok
test handlers::tests::restore_root_gate_denies_after_guard_drop ... [T9] restore_root_gate_denies_after_guard_drop reader=legacy
ok
test handlers::tests::restore_root_gate_unit_fail_closed ... [T9] restore_root_gate_unit_fail_closed reader=legacy
ok
test handlers::tests::reviewer_surface_denied_scoped_write_shell ... ok
test handlers::tests::revive_denial_follows_the_sender_axis_not_the_destination_axis ... ok
test handlers::tests::role_creator_is_reserved_on_claim_and_create ... ok
test handlers::tests::role_owner_is_reserved_on_claim_and_create ... ok
test handlers::tests::rollback_allowed_requires_all_three_conditions ... ok
test handlers::tests::rqfix_f3_paused_seat_without_recorded_reason_reports_paused_in_queue_list_and_org_status ... ok
test handlers::tests::rqfix_i6_settle_proof_seen_before_the_pause_filter_blocks_the_ghost_prescription ... ok
test handlers::tests::s21_settle_hold_table ... ok
test handlers::tests::s21_settle_proof_table ... ok
test handlers::tests::seat_takeover_notice_reaches_the_pane_on_windows_shells_too ... ok
test handlers::tests::seat_token_disabled_by_boot_gates_master_switch ... ok
test handlers::tests::seat_token_never_persisted_or_listed ... ok
test handlers::tests::seat_token_path_never_records_caller_cache ... ok
test handlers::tests::send_key_return_delegates_the_gap_to_the_writer_not_the_handler ... ok
test handlers::tests::send_text_allowed_path_still_passes ... ok
test handlers::tests::send_text_clear_first_rejects_queued_combo ... ok
test handlers::tests::send_text_clear_first_requires_agent_pane ... ok
test handlers::tests::send_text_denied_human_flag_does_not_touch_typing_guard ... ok
test handlers::tests::send_text_human_flag_does_not_bypass_acl ... ok
test handlers::tests::send_text_ledger_records_unless_operator_token_verifies_human ... LEDGER-SURFACE 1
LEDGER-LINE {"chars":8,"from":null,"origin":"send","preview":"다음 액션 착수","sha256":"0dbbf71c187bae19e14e6a5ed7492649adc817cf30b1112cf0aa99ca17b0eaa2","surface":"1","ts":"2026-10-05T01:03:53Z","ts_epoch":1791162233.900765,"units":1,"v":1}
LEDGER-LINE {"chars":26,"from":null,"origin":"send","preview":"위조 human 으로 밀어 넣은 자율 착수 지시","sha256":"e548030e1eabbd2ac74d3a955c479f5408b238e87f6f842a42e365bd078a18d4","surface":"1","ts":"2026-10-05T01:03:53Z","ts_epoch":1791162233.901685,"units":1,"v":1}
LEDGER-LINE {"chars":19,"from":null,"origin":"send","preview":"잘못된 토큰을 붙인 human 신고","sha256":"a9fa4a42d994f26fb701dc39f7bdaade799d702d920cd5a3b66763024cf82eae","surface":"1","ts":"2026-10-05T01:03:53Z","ts_epoch":1791162233.930347,"units":1,"v":1}
LEDGER-LINE {"chars":39,"from":null,"origin":"gui_auto","preview":"지금까지의 작업 상태를 HANDOFF_CONTRACT 5필드로 기록하라","sha256":"42c9791e26d93fc1bf7606009399ab25dfd643facb9a7cbeaa62a8bd491f4c03","surface":"1","ts":"2026-10-05T01:03:53Z","ts_epoch":1791162233.931528,"units":1,"v":1}
ok
test handlers::tests::send_text_pure_mouse_report_does_not_touch_typing_guard ... ok
test handlers::tests::send_text_write_req_marks_only_program_injections_as_the_gap_anchor ... ok
test handlers::tests::session_detail_echoes_redacted_and_rejects_non_bool ... ok
test handlers::tests::set_meta_allows_anonymous_recovery_on_existing_meta ... ok
test handlers::tests::set_meta_allows_fresh_child_init ... ok
test handlers::tests::set_meta_allows_self_update ... ok
test handlers::tests::set_meta_rejects_foreign_live_surface ... ok
test handlers::tests::settle_hold_rechecked_inside_input_gate_source_pin ... ok
test handlers::tests::stale_role_field_does_not_block_reclaim ... ok
test handlers::tests::stale_surface_role_is_not_authoritative ... ok
test handlers::tests::status_exposes_alert_route_contract_keys ... ok
test handlers::tests::status_exposes_the_boot_v2_switch_from_the_daemon ... ok
test handlers::tests::status_set_allows_anonymous ... ok
test handlers::tests::status_set_allows_self_report ... ok
test handlers::tests::status_set_rejects_foreign_surface ... ok
test handlers::tests::stop_cap_edge_is_decided_at_once_and_fed_to_the_owner ... ok
test handlers::tests::stuck_self_report_after_a_cycle_is_one_ineffective_strike ... ok
test handlers::tests::supplied_auth_verdict_contract_violations_never_become_a_block ... ok
test handlers::tests::suppression_hot_path_does_not_scan_the_whole_map ... ok
test handlers::tests::surface_create_allows_legitimate_roles ... ok
test handlers::tests::surface_create_denies_unauthenticated_profile_without_spawning_anything ... ok
test handlers::tests::surface_create_never_blocks_on_config_only_evidence ... ok
test handlers::tests::surface_create_privileged_gate_keeps_lock_order_no_deadlock ... ok
test handlers::tests::surface_create_rejects_master_takeover_by_live_holder ... ok
test handlers::tests::surface_create_still_announces_npm_prefix_pollution ... ok
test handlers::tests::surface_create_without_a_verdict_is_unchanged ... ok
test handlers::tests::terminal_autoreply_does_not_block_node_submit_return ... ok
test handlers::tests::the_nonce_is_armed_at_exactly_one_place ... ok
test handlers::tests::threshold_from_parsing_rules ... ok
test handlers::tests::threshold_payload_carries_fire_id_and_measured_facts ... ok
test handlers::tests::triage_wp5_seat_migration_must_not_move_an_inflight_entry ... ok
test handlers::tests::u8_p1_fix1_dead_seat_relaunch_passes_modal_axis_but_live_seat_still_denied ... ok
test handlers::tests::u8_p1_text_denied_on_foreground_modal_but_submit_key_unchanged ... ok
test handlers::tests::unmarked_clear_retry_judges_the_new_session_not_the_dead_one ... ok
test handlers::tests::unresolved_caller_fail_closed_on_write_shell ... ok
test handlers::tests::unresolved_caller_pid_owner_grants_are_never_suppressed ... ok
test handlers::tests::unset_boot_v2_reads_off_inside_and_answers_off_outside ... ok
test handlers::tests::usage_register_allows_self_and_stores_path ... ok
test handlers::tests::usage_register_rejects_foreign_surface ... ok
test handlers::tests::usage_register_validates_path_shape ... ok
test handlers::tests::usage_report_account_refuses_pane_and_unresolved_callers ... ok
test handlers::tests::usage_report_account_validates_before_touching_anything ... ok
test handlers::tests::usage_report_agy_statusline_attributes_antigravity_on_gemini_seats ... ok
test handlers::tests::usage_report_agy_statusline_is_refused_on_non_agy_seats ... ok
test handlers::tests::usage_report_allows_self_and_stores_statusline ... ok
test handlers::tests::usage_report_anonymous_passes ... ok
test handlers::tests::usage_report_fires_context_threshold ... ok
test handlers::tests::usage_report_from_outside_any_pane_reaches_only_the_seat_profile_alerts ... ok
test handlers::tests::usage_report_rejects_foreign_surface ... ok
test handlers::tests::v42r_2_stuck_self_report_feed_asserts_the_blocking_point_only_for_claude_seats_with_a_known_window ... ok
test handlers::tests::v42r_3_edge_feed_counts_are_scoped_to_the_daemon_generation ... ok
test handlers::tests::v7_d01_handler_exempts_typing_guard_but_still_counts_autoreply ... V7OBS v7_d01_handler guard_untouched=true pending_input_bytes=0
ok
test handlers::tests::v7_probe_handler_observed_counts ... V7OBS handler.d01 ten_click_cycles last_human_input_is_none=true pending_input_bytes=0
V7OBS handler.d02 gui abc+BSx3 steps=[1, 2, 3, 4, 5, 6]
V7OBS handler.d02 send_text abc + send_key Backspace x3 steps=[3, 4, 5, 6]
V7OBS handler.d02 send_text abc + send_key Escape steps=[3, 4]
V7OBS handler.d03 paste a\nb one_call pending=3
V7OBS handler.d03 paste a\rb one_call pending=3
V7OBS handler.split three_calls=[0, 8, 8] one_call=8 boundary_in_body=[4, 8, 8]
ok
test handlers::tests::v7_split_paste_handler_call_boundary_must_not_change_count ... V7OBS v7_split_paste_handler three_calls=[0, 8, 8] one_call=8
ok
test handlers::tests::w2a_claim_role_clears_tombstone ... ok
test handlers::tests::w2a_close_stale_surface_does_not_tombstone_live_role ... ok
test handlers::tests::w2a_intentional_close_records_tombstone_and_persists ... ok
test handlers::tests::w2a_relaunch_clears_tombstone_via_create ... ok
test handlers::tests::w2a_topology_rpc_exposes_tombstones ... ok
test handlers::tests::w3_audit_record_written ... ok
test handlers::tests::w3_auto_route_requires_publisher_attribution ... ok
test handlers::tests::w3_back_pressure_counts_and_event ... ok
test handlers::tests::w3_ceo_delivered_when_seat_occupied ... ok
test handlers::tests::w3_ceo_seat_empty_escalates ... ok
test handlers::tests::w3_cycle_verify_not_auto_routed ... ok
test handlers::tests::w3_feeditem_fields_survive_wire_frame ... ok
test handlers::tests::w3_human_only_escalates ... ok
test handlers::tests::w3_human_only_idempotent ... ok
test handlers::tests::w3_idempotent_semantic_key ... ok
test handlers::tests::w3_kind_forgery_ignored ... ok
test handlers::tests::w3_off_no_auto_route ... ok
test handlers::tests::w3_tier_spoof_denylist_stays_human ... ok
test handlers::tests::walk_ancestry_core_matches_legacy_loop ... ok
test handlers::tests::wired_into_all_paths ... ok
test handlers::tests::worker_active_limit_denies ... ok
test handlers::tests::worker_limit_excludes_master_cso ... ok
test handlers::tests::worker_surface_allowed_scoped_write_shell ... ok
test handlers::tests::wp5_queue_drop_acl_matches_clear_threat_model ... ok
test handlers::tests::wp5_queue_drop_writes_tombstone_before_removal ... ok
test handlers::tests::wp5_queue_list_hides_expired_unless_requested ... ok
test handlers::tests::wp5_queue_revive_moves_to_tail_and_is_idempotent ... ok
test handlers::tests::wp5_queue_revive_not_found_is_error_1_class ... ok
test handlers::tests::wp5_queue_revive_refuses_when_active_queue_full ... ok
test hwmon::tests::e2_non_macos_stub_reports_platform ... ok
test hwmon::tests::e2_npu_obj_adds_status_and_reason_only_when_unavailable ... ok
test hwmon::tests::e2_npu_status_of_maps_init_result ... ok
test hwmon::tests::e2_snapshot_npu_status_contract ... ok
test hwmon::tests::e2_source_has_no_ioreport_strong_link ... ok
test pipe_security_tests::pipe_accept_error_backoff_is_nonzero_to_prevent_cpu_spin ... ok
test pipe_security_tests::pipe_listener_pool_absorbs_concurrent_connects ... ok
test pipe_security_tests::pipe_sddl_excludes_world_and_is_protected_owner_only ... ok
test recall::tests::attest_verify_anchor_window_boundary ... ok
test recall::tests::attest_verify_detects_deleted_rows ... ok
test recall::tests::attest_verify_honest_pin_matches_and_wrong_hash_fails ... ok
test recall::tests::attest_verify_huge_count_clamps_limit_no_full_scan ... ok
test recall::tests::attest_verify_split_reads_race_falsely_rejects_honest_pin ... ok
test recall::tests::chain_matches_recomputation_and_detects_tamper ... ok
test recall::tests::hash_step_includes_newline_delimiter ... ok
test recall::tests::hash_step_is_deterministic_and_order_sensitive ... ok
test recall::tests::hex_unhex_roundtrip ... ok
test recall::tests::max_surface_id_survives_full_surface_prune_via_chains ... ok
test recall::tests::maybe_prune_disabled_when_retain_days_zero ... ok
test recall::tests::maybe_prune_respects_six_hour_debounce ... ok
test recall::tests::maybe_prune_seals_anchor_consistent_with_full_chain ... ok
test recall::tests::search_fts_phrase_quoting_blocks_match_injection ... ok
test recall::tests::search_like_fallback_treats_wildcards_as_literal ... ok
test recall::tests::search_routing_threshold_short_queries_need_like_fallback ... ok
test recall::tests::unhex_is_non_canonical_but_byte_comparison_is_safe ... ok
test recall::tests::unhex_rejects_bad_input ... ok
test reclaim::tests::already_roled_returns_role_without_binding ... ok
test reclaim::tests::authentication_axes_come_from_the_daemon_not_from_the_caller ... ok
test reclaim::tests::caller_unresolved_binds_nothing ... ok
test reclaim::tests::grace_survives_a_wall_clock_jump ... ok
test reclaim::tests::lease_defers_even_with_a_perfect_candidate ... ok
test reclaim::tests::missing_is_not_a_match ... ok
test reclaim::tests::narrow_conditions_are_anded_while_aliases_inside_one_are_ored ... ok
test reclaim::tests::new_seat_is_excluded_until_grace_regardless_of_env_injected ... ok
test reclaim::tests::norm_adversarial_distinct_drives_stay_distinct ... ok
test reclaim::tests::norm_adversarial_drive_root_is_not_drive_relative ... ok
test reclaim::tests::norm_adversarial_extended_drive_prefix_converges ... ok
test reclaim::tests::norm_adversarial_extended_unc_converges_and_keeps_root ... ok
test reclaim::tests::norm_adversarial_msys_requires_one_letter_segment ... ok
test reclaim::tests::norm_adversarial_native_msys_cygpath_converge ... ok
test reclaim::tests::norm_adversarial_only_drive_letter_is_lowercased ... ok
test reclaim::tests::norm_adversarial_posix_preserves_spaces ... ok
test reclaim::tests::norm_adversarial_posix_removes_only_trailing_slashes ... ok
test reclaim::tests::norm_adversarial_posix_slash_only_roots_are_unchanged ... ok
test reclaim::tests::norm_adversarial_unc_hosts_and_shares_stay_distinct ... ok
test reclaim::tests::norm_adversarial_windows_spaces_are_preserved ... ok
test reclaim::tests::other_department_config_dir_is_not_a_candidate ... ok
test reclaim::tests::path_normalization_is_narrow_on_unix ... ok
test reclaim::tests::privileged_seats_need_an_explicit_optin ... ok
test reclaim::tests::privileged_set_contains_the_claim_gate_set ... ok
test reclaim::tests::reported_cwd_only_narrows_never_widens ... ok
test reclaim::tests::same_adversarial_compares_original_paths_after_normalization ... ok
test reclaim::tests::same_adversarial_missing_and_blank_never_match ... ok
test reclaim::tests::self_exited_and_empty_role_excluded ... ok
test reclaim::tests::single_candidate_binds ... ok
test reclaim::tests::trailing_whitespace_paths_are_distinct_directories ... ok
test reclaim::tests::two_candidates_bind_nothing ... ok
test reclaim::tests::windows_normalization_does_not_merge_distinct_dirs ... ok
test reclaim::tests::windows_normalization_keeps_distinct_locations_distinct ... ok
test reclaim::tests::windows_path_spellings_converge ... ok
test reclaim::tests::zero_candidates_and_unknown_seat_is_not_empty ... ok
test return_absorb_tests::a2_absorbed_return_never_hits_queue_full ... ok
test return_absorb_tests::a2_authoritative_return_not_absorbed ... ok
test return_absorb_tests::a2_cm_alias_not_absorbed ... ok
test return_absorb_tests::a2_cycle_three_split_with_active_ticket ... ok
test return_absorb_tests::a2_down_key_clears_ticket ... ok
test return_absorb_tests::a2_expired_ticket_not_absorbed_and_reported ... ok
test return_absorb_tests::a2_explicit_queued_send_issues_no_ticket ... ok
test return_absorb_tests::a2_human_draft_pair_return_absorbed ... ok
test return_absorb_tests::a2_human_key_invalidates_owner_no_compensation ... ok
test return_absorb_tests::a2_issue_prunes_expired_tickets ... ok
test return_absorb_tests::a2_no_compensation_when_disabled_or_unverified ... ok
test return_absorb_tests::a2_own_body_sequential_never_absorbed ... ok
test return_absorb_tests::a2_pair_return_on_empty_line_absorbed ... ok
test return_absorb_tests::a2_pair_return_over_other_body_passes_and_compensates ... ok
test return_absorb_tests::a2_queued_pair_return_absorbed_no_empty_item ... ok
test return_absorb_tests::a2_raw_return_without_pair_flag_not_absorbed ... ok
test return_absorb_tests::a2_sibling_same_pane ... ok
test return_absorb_tests::a2_stuck_dead_sender_body_rescued_immediately ... ok
test return_absorb_tests::a2_ticket_is_single_use ... ok
test return_absorb_tests::a2_ticket_lifecycle_observed ... ok
test return_absorb_tests::a2_trailing_newline_body_no_ticket_but_interior_newline_has ... ok
test return_absorb_tests::a2_ttl_zero_restores_old_behavior ... ok
test return_absorb_tests::a2_unverified_caller_neither_issues_nor_absorbs ... ok
test return_absorb_tests::a2f1_feed_approval_return_beyond_reflex_is_not_absorbed ... ok
test return_absorb_tests::a2f1_modal_approval_return_beyond_reflex_is_written_once ... ok
test return_absorb_tests::a2f1_modal_pair_return_inside_reflex_still_absorbed ... ok
test return_absorb_tests::a2f1_no_approval_keeps_ttl_absorb ... ok
test return_absorb_tests::a2f1_reflex_zero_never_absorbs_while_approval_live ... ok
test return_absorb_tests::b_claimed_and_verified_are_separate_namespaces ... ok
test return_absorb_tests::b_claimed_cross_socket_modal_pair_return_absorbed ... ok
test return_absorb_tests::b_claimed_ticket_cleared_by_direct_success_and_non_submit_key ... ok
test return_absorb_tests::b_concurrent_take_exactly_one ... ok
test return_absorb_tests::b_local_pane_spoofed_from_arms_verified_only ... ok
test return_absorb_tests::b_missing_or_garbage_from_never_claims ... ok
test return_absorb_tests::b_owner_token_caller_never_claims ... ok
test return_absorb_tests::b_ticket_map_capped_newest_kept ... ok
test return_absorb_tests::rf1_gate_disclaimer_late_pair_return_absorbed_zero_write ... ok
test return_absorb_tests::rf1_gate_down_then_return_is_written ... ok
test return_absorb_tests::rf1_gate_feed_alone_is_not_approval ... ok
test return_absorb_tests::rf1_gate_feed_is_veto_not_approval ... ok
test return_absorb_tests::rf1_gate_folder_trust_no_exit_first_late_pair_return_absorbed_zero_write ... ok
test return_absorb_tests::rf1_gate_fullscreen_late_pair_return_absorbed_zero_write ... ok
test return_absorb_tests::rf1_gate_veto_beats_approval_feed_and_reflex_zero ... ok
test return_absorb_tests::rf1_seat_approval_live_truth_table ... ok
test schedule::b2_job_results::classify_fire_result_five_kinds ... ok
test schedule::b2_job_results::classify_fire_result_matches_producer_wording ... ok
test schedule::b2_job_results::job_result_ledger_is_bounded_and_truncates_detail ... ok
test schedule::b2_job_results::job_result_ledger_is_memory_only_and_never_gates_firing ... ok
test schedule::b2_job_results::schedule_job_results_expose_failure_streak_and_reset ... ok
test schedule::c8_push_counts_submit_tests::c8_diverted_or_refused_pushes_keep_the_count_gates_unchanged ... ignored, 윈도우 기본 H 마스크는 draft 축을 끈다(hold_axes_default(true)) — 이 검체는 유닉스 기본(draft 축) 동작을 본다
test schedule::c8_push_counts_submit_tests::c8_handoff_failure_leaves_the_count_untouched ... ignored, 윈도우 ConPTY 는 자식이 끝나도 출력 파이프를 닫지 않는다 — reader EOF 로 좌석 종료를 아는 경로는 유닉스 전제
test schedule::c8_push_counts_submit_tests::c8_inject_on_handoff_and_accounting_share_one_input_gate_source_pin ... ok
test schedule::c8_push_counts_submit_tests::c8_inject_on_waits_for_the_input_gate_held_by_a_direct_send ... ok
test schedule::c8_push_counts_submit_tests::c8_knob_parser_turns_off_only_on_zero_after_trimming_whitespace ... ok
test schedule::c8_push_counts_submit_tests::c8_knob_zero_keeps_the_count_and_emits_nothing ... ok
test schedule::c8_push_counts_submit_tests::c8_machine_residue_push_clears_count_and_invalidates_owner ... ok
test schedule::c8_push_counts_submit_tests::c8_push_cleared_pending_is_observation_only_never_routed ... ok
test schedule::c8_push_counts_submit_tests::c8_push_clears_ghost_count_then_queue_tick_delivers_without_input_pending ... ok
test schedule::c8_push_counts_submit_tests::c8_push_on_zero_count_seat_emits_no_event ... ok
test schedule::converge_schedule::converge_close_ttl_floor_applies_only_to_queue_backed_jobs ... ok
test schedule::converge_schedule::converge_edited_builtin_action_is_reported_not_overwritten ... [cysd] ensure_builtin_jobs: 'cso-alert-inbox-check-60m' 의 action 이 'command' 로 편집돼 있다 — 이관하지 않는다(운영자 편집 보존). 큐 경유가 필요하면 action 을 'push_queued' 로 두라.
ok
test schedule::converge_schedule::converge_stored_queue_action_is_canonicalized_but_only_from_push ... ok
test schedule::converge_schedule::converge_x8_hot_reload_folds_the_stored_representation_too ... [cysd] schedule.json: 'action:"push" + via_queue:true' 를 'push_queued' 로 접었다(뜻 보존 · 대상 ["q"])
ok
test schedule::converge_schedule::converge_x8_one_shot_removal_does_not_repersist_the_unsafe_action ... ok
test schedule::h2_schedule_hold_tests::frozen_oneshot_is_requeued_to_file ... ok
test schedule::h2_schedule_hold_tests::h2_busy_seat_stays_direct ... ok
test schedule::h2_schedule_hold_tests::h2_cross_socket_residue_stays_direct ... ignored, 윈도우 기본 H 마스크는 draft 축을 끈다(hold_axes_default(true)) — 이 검체는 유닉스 기본(draft 축) 동작을 본다
test schedule::h2_schedule_hold_tests::h2_diverted_item_survives_daemon_restart ... ignored, 윈도우 기본 H 마스크는 draft 축을 끈다(hold_axes_default(true)) — 이 검체는 유닉스 기본(draft 축) 동작을 본다
test schedule::h2_schedule_hold_tests::h2_fallback_headroom_keeps_cli_room ... ok
test schedule::h2_schedule_hold_tests::h2_knob_off_is_head_identical ... ok
test schedule::h2_schedule_hold_tests::h2_long_draft_hold_is_visible_as_starved ... ignored, 윈도우 기본 H 마스크는 draft 축을 끈다(hold_axes_default(true)) — 이 검체는 유닉스 기본(draft 축) 동작을 본다
test schedule::h2_schedule_hold_tests::h2_machine_residue_stays_direct ... ignored, 윈도우 기본 H 마스크는 draft 축을 끈다(hold_axes_default(true)) — 이 검체는 유닉스 기본(draft 축) 동작을 본다
test schedule::h2_schedule_hold_tests::h2_pause_between_tick_and_push_is_error ... ok
test schedule::h2_schedule_hold_tests::h2_periodic_ttl_le_period_oneshot_default ... ignored, 윈도우 기본 H 마스크는 draft 축을 끈다(hold_axes_default(true)) — 이 검체는 유닉스 기본(draft 축) 동작을 본다
test schedule::h2_schedule_hold_tests::h2_role_push_diverts_on_human_30s_and_quiescing ... ok
test schedule::h2_schedule_hold_tests::h2_role_push_diverts_on_observed_draft ... ignored, 윈도우 기본 H 마스크는 draft 축을 끈다(hold_axes_default(true)) — 이 검체는 유닉스 기본(draft 축) 동작을 본다
test schedule::h2_schedule_hold_tests::h2_same_job_divert_is_one_pending_entry ... ok
test schedule::h2_schedule_hold_tests::h2_swallowed_inject_residue_stays_direct ... ignored, 윈도우 기본 H 마스크는 draft 축을 끈다(hold_axes_default(true)) — 이 검체는 유닉스 기본(draft 축) 동작을 본다
test schedule::h2_schedule_hold_tests::h2_swallowed_return_residue_stays_direct ... ignored, 윈도우 기본 H 마스크는 draft 축을 끈다(hold_axes_default(true)) — 이 검체는 유닉스 기본(draft 축) 동작을 본다
test schedule::h2_schedule_hold_tests::h2_unobservable_seat_stays_direct ... ok
test schedule::h2_schedule_hold_tests::h2_unproven_machine_draft_falls_back_after_bounded_diverts ... ignored, 윈도우 기본 H 마스크는 draft 축을 끈다(hold_axes_default(true)) — 이 검체는 유닉스 기본(draft 축) 동작을 본다
test schedule::merge_residue_tests::formation_heartbeat_surfaces_a_failing_ensure ... ok
test schedule::merge_residue_tests::heartbeat_fix_reaches_existing_installs_via_the_migration_table ... [cysd] ensure_builtin_jobs: 'formation-heartbeat' 의 command 를 구 표현에서 이관 — 그 표현은 알려진 결함이다(WP6-5 ensure 비0 exit 삼킴(부서 실패 불가시))
ok
test schedule::merge_residue_tests::migration_upgrades_the_known_bad_command_but_never_an_operator_edit ... [cysd] ensure_builtin_jobs: 'formation-heartbeat' 의 command 를 구 표현에서 이관 — 그 표현은 알려진 결함이다(P3 편성 cwd 누락)
ok
test schedule::merge_residue_tests::p3_formation_heartbeat_passes_the_department_cwd ... ok
test schedule::merge_residue_tests::p8_promote_tick_scrubs_every_seat_identity_input ... ok
test schedule::merge_residue_tests::u10_formation_heartbeat_runs_each_dept_in_its_lane_pack ... [cysd] ensure_builtin_jobs: 'formation-heartbeat' 의 command 를 구 표현에서 이관 — 그 표현은 알려진 결함이다(U10 부서 편성이 본부 팩으로 돎(부서 좌석에 본부 지침 주입·각성 훅 오탐 누적))
ok
test schedule::tests::a_downgraded_daemon_rejects_the_queue_job_instead_of_injecting ... ok
test schedule::tests::alert_inbox_job_is_queue_routed_and_added_without_version_bump ... ok
test schedule::tests::base_only_gate_blocks_only_dept_sockets ... ok
test schedule::tests::base_only_serde_default_is_false ... ok
test schedule::tests::builtin_ensure_preserves_user_job_on_reserved_id ... ok
test schedule::tests::builtin_jobs_ensure_idempotent_and_versioned ... [cysd] ensure_builtin_jobs: built-in 잡 'phoenix-snapshot-6h' 버전 교체 — 기존 항목이 코드 정의와 달라 그 편집이 소실됩니다(구 항목: {"_builtin":"phoenix","_builtin_version":0,"action":"push","every_minutes":99999,"id":"phoenix-snapshot-6h","if_absent":"skip","text_command":"printf '[heartbeat] phoenix 세대 스냅샷 정기화(6h·P2-4) — 손상 치유 소스 최신화.\\n'; python3 \"${CYS_PACK_DIR:-$HOME/.cys/pack}/bin/javis_state_snapshot.py\" snapshot 2>&1 | tail -3","to":"master"})
ok
test schedule::tests::builtin_text_commands_are_trusted_others_gated ... ok
test schedule::tests::c_schedule_inject_on_sanitized_before_ledger ... ok
test schedule::tests::command_job_stdout_token_publishes_gate_signal_event ... ok
test schedule::tests::command_job_without_token_publishes_no_gate_signal ... ok
test schedule::tests::command_shell_actually_spawns_on_this_platform ... ok
test schedule::tests::command_shell_matches_platform ... ok
test schedule::tests::corrupt_nonempty_schedule_lock_left_by_the_cli_is_reclaimed_within_the_deadline ... ok
test schedule::tests::corrupt_persistence_is_quarantined_not_silently_dropped ... ok
test schedule::tests::corrupt_schedule_is_quarantined_and_builtins_return_in_the_same_tick ... [cysd] schedule.json 파싱 실패: key must be a string at line 1 column 3 — 읽기 전용 경로라 격리하지 않는다(다음 틱이 격리·복구) · 빈 스케줄로 진행
[cysd] schedule.json 파싱 실패: key must be a string at line 1 column 3 — 손상본을 C:\Users\RUNNER~1\AppData\Local\Temp\cys-sched-a11-corrupt-9448-1791162401-1\schedule.json.corrupt-1791162401로 격리(데이터 보존); 같은 틱에서 built-in 잡을 복구한다
[cysd] ensure_builtin_jobs: built-in phoenix 잡 보장(생성/갱신) 완료
ok
test schedule::tests::deliver_push_branches_are_observable ... ok
test schedule::tests::explicit_close_after_secs_takes_precedence ... ok
test schedule::tests::failing_command_job_publishes_schedule_error ... ok
test schedule::tests::fallback_warning_is_throttled_not_once ... ok
test schedule::tests::first_run_seeding_prevents_simultaneous_due ... ok
test schedule::tests::gate_signals_from_stdout_allowlists_and_dedupes ... ok
test schedule::tests::hot_reload_waits_for_the_writer_lock_but_read_only_never_does_and_never_writes ... [cysd] schedule.json: 'action:"push" + via_queue:true' 를 'push_queued' 로 접었다(뜻 보존 · 대상 ["j"])
ok
test schedule::tests::interval_due_fires_every_n_minutes ... ok
test schedule::tests::memory_overlay_keeps_interval_when_disk_write_fails ... ok
test schedule::tests::oneshot_fresh_without_ttl_keeps_legacy_none ... ok
test schedule::tests::pack_seed_marked_jobs_match_builtin_defs ... ok
test schedule::tests::recurring_fresh_without_ttl_gets_default_reap ... ok
test schedule::tests::resolve_bash_picks_bundled_and_falls_back_when_absent ... ok
test schedule::tests::run_now_is_frozen_while_paused ... ok
test schedule::tests::run_now_passes_gate_when_not_paused ... ok
test schedule::tests::save_state_is_atomic_and_reports_failure ... ok
test schedule::tests::schedule_for_daily_when_no_days ... ok
test schedule::tests::schedule_for_invalid_or_missing_time ... ok
test schedule::tests::schedule_for_respects_weekday_filter ... ok
test schedule::tests::schedule_for_time_ordering_within_day ... ok
test schedule::tests::schedule_push_forces_machine_label_without_touching_labeled_text ... ok
test schedule::tests::schedule_state_is_versioned_and_additive ... ok
test schedule::tests::schedule_writers_serialize_under_the_lock_and_no_add_is_lost ... ok
test schedule::tests::source_pin_both_push_paths_share_one_delivery_choice ... ok
test schedule::tests::spawn_env_injects_runtime_path_and_backfills_home ... ok
test schedule::tests::stale_schedule_lock_is_broken_and_live_lock_times_out ... ok
test schedule::tests::stored_legacy_push_action_is_migrated_in_place_without_a_version_bump ... [cysd] ensure_builtin_jobs: 'cso-alert-inbox-check-60m' 의 action 을 'push_queued' 로 이관 — 큐 경유가 이 잡의 계약이다(직접 주입 차단)
ok
test schedule::tests::successful_command_job_still_reports_fired ... ok
test schedule::tests::u8_p1_direct_push_diverts_to_the_seat_queue_on_a_foreground_modal ... ok
test schedule::tests::via_queue_defaults_false_for_legacy_schedule_files ... ok
test schedule::triage_schedule::fresh_reap_constants_separate_leak_period_from_delivery_grace ... ok
test schedule::triage_schedule::triage_a4_a_pending_queue_item_defers_the_fresh_seat_reap ... ok
test schedule::triage_schedule::triage_x13_migration_preserves_an_operator_non_push_action ... [cysd] ensure_builtin_jobs: 'cso-alert-inbox-check-60m' 의 action 이 'command' 로 편집돼 있다 — 이관하지 않는다(운영자 편집 보존). 큐 경유가 필요하면 action 을 'push_queued' 로 두라.
ok
test schedule::triage_schedule::triage_x8_queue_required_job_is_stored_in_a_downgrade_rejected_action ... ok
test schedule::triage_schedule::triage_x9_queued_fresh_job_does_not_arm_an_immediate_reclamation ... ok
test send_settle_tests::c5_settle_proof_denial_never_carries_the_ghost_prescription ... ignored, S21 제출 정착·창 위 CR 보류는 유닉스 한정(send_settle_applies)
test send_settle_tests::clear_first_and_human_keys_are_not_held ... ok
test send_settle_tests::f1_approval_return_on_visible_dialog_is_written ... ok
test send_settle_tests::f1_composer_body_that_looks_like_a_choice_is_submitted ... ok
test send_settle_tests::f1_kill_switch_disables_submit_cr_withhold ... ok
test send_settle_tests::f1_plain_composer_submit_is_written ... ok
test send_settle_tests::f1_seat_empty_after_agent_was_seen_is_unchanged ... ok
test send_settle_tests::f1_selector_navigation_then_return_is_written ... ok
test send_settle_tests::f1_shell_seat_submit_cr_unchanged ... ok
test send_settle_tests::f1_submit_cr_withheld_on_stale_empty_seat_before_first_agent_sighting ... ignored, S21 제출 정착·창 위 CR 보류는 유닉스 한정(send_settle_applies)
test send_settle_tests::f1_submit_cr_withheld_when_dialog_rose_after_own_body ... ignored, S21 제출 정착·창 위 CR 보류는 유닉스 한정(send_settle_applies)
test send_settle_tests::f1_withheld_submit_dropped_after_newer_machine_body ... ignored, S21 제출 정착·창 위 CR 보류는 유닉스 한정(send_settle_applies)
test send_settle_tests::f1_withheld_submit_is_resubmitted_once_after_dialog_closes ... ignored, S21 제출 정착·창 위 CR 보류는 유닉스 한정(send_settle_applies)
test send_settle_tests::f1_withheld_submit_waits_for_resume_and_yields_to_human ... ignored, S21 제출 정착·창 위 CR 보류는 유닉스 한정(send_settle_applies)
test send_settle_tests::fv1_paused_daemon_gives_no_settle_proof_but_keeps_hold ... ignored, S21 제출 정착·창 위 CR 보류는 유닉스 한정(send_settle_applies)
test send_settle_tests::fv1_settle_retry_refused_while_paused_even_on_free_line ... ok
test send_settle_tests::fv2_dialog_drawn_below_own_composer_is_still_withheld ... ignored, S21 제출 정착·창 위 CR 보류는 유닉스 한정(send_settle_applies)
test send_settle_tests::fv2_dialog_replacing_wrapped_body_is_still_withheld ... ignored, S21 제출 정착·창 위 CR 보류는 유닉스 한정(send_settle_applies)
test send_settle_tests::fv2_multiline_numbered_body_is_submitted ... ok
test send_settle_tests::fv2_pasted_text_placeholder_under_numbered_echo_is_submitted ... ok
test send_settle_tests::fv2_resubmit_ignores_signatures_above_own_composer_without_trailer ... ignored, S21 제출 정착·창 위 CR 보류는 유닉스 한정(send_settle_applies)
test send_settle_tests::fv2_withheld_record_dropped_at_wait_cap ... ignored, S21 제출 정착·창 위 CR 보류는 유닉스 한정(send_settle_applies)
test send_settle_tests::fv2_withheld_wrapped_body_is_resubmitted_after_dialog_closes ... ignored, S21 제출 정착·창 위 CR 보류는 유닉스 한정(send_settle_applies)
test send_settle_tests::fv2_withheld_wrapped_body_is_resubmitted_on_alt_screen ... ignored, S21 제출 정착·창 위 CR 보류는 유닉스 한정(send_settle_applies)
test send_settle_tests::fv2_wrapped_body_under_numbered_echo_is_submitted ... ok
test send_settle_tests::fv2_wrapped_korean_body_split_midword_is_submitted ... ok
test send_settle_tests::fv2_wrapped_numbered_body_on_full_seat_is_submitted ... ok
test send_settle_tests::kill_switch_env_restores_previous_behavior ... ok
test send_settle_tests::kill_switch_sentinel_restores_previous_behavior ... ok
test send_settle_tests::no_settle_proof_on_human_draft ... ok
test send_settle_tests::r3c_dialog_clock_restarts_when_window_closes ... ignored, S21 제출 정착·창 위 CR 보류는 유닉스 한정(send_settle_applies)
test send_settle_tests::r3c_long_agent_turn_after_quick_approval_resubmits_once ... ignored, S21 제출 정착·창 위 CR 보류는 유닉스 한정(send_settle_applies)
test send_settle_tests::r3c_long_pause_then_resume_resubmits_once ... ignored, S21 제출 정착·창 위 CR 보류는 유닉스 한정(send_settle_applies)
test send_settle_tests::r3c_long_wait_still_yields_to_human_newer_body_and_empty_line ... ignored, S21 제출 정착·창 위 CR 보류는 유닉스 한정(send_settle_applies)
test send_settle_tests::r3c_pause_freezes_dialog_clock_and_cap_still_fires_on_open_window ... ignored, S21 제출 정착·창 위 CR 보류는 유닉스 한정(send_settle_applies)
test send_settle_tests::r3c_queue_ttl_bounds_post_close_wait_with_pause_credit ... ignored, S21 제출 정착·창 위 CR 보류는 유닉스 한정(send_settle_applies)
test send_settle_tests::settle_hold_denies_text_while_submit_cr_inflight_then_admits ... ignored, S21 제출 정착·창 위 CR 보류는 유닉스 한정(send_settle_applies)
test send_settle_tests::settle_proof_on_pending_machine_body_awaiting_its_return ... ignored, S21 제출 정착·창 위 CR 보류는 유닉스 한정(send_settle_applies)
test send_settle_tests::settle_proven_denial_events_are_rate_limited_per_sender ... ignored, S21 제출 정착·창 위 CR 보류는 유닉스 한정(send_settle_applies)
test send_settle_tests::shell_seat_unchanged_no_hold ... ok
test send_settle_tests::stale_inflight_marker_expires ... ok
test send_settle_tests::writer_marks_submit_cr_inflight_until_written ... ok
test severity::tests::severity_decision_table_is_behavior_preserving ... ok
test severity::tests::severity_roundtrip ... ok
test state::dedup_tests::b3_surface_exited_payload_carries_role_and_agent ... ok
test state::dedup_tests::b3_surface_exited_payload_distinguishes_roleless_pane ... ok
test state::dedup_tests::dead_slot_is_reclaimed ... ok
test state::dedup_tests::first_worker_is_plain ... ok
test state::dedup_tests::live_worker_count_counts_all_alive_workers ... ok
test state::dedup_tests::live_worker_count_empty_is_zero ... ok
test state::dedup_tests::live_worker_count_excludes_dead ... ok
test state::dedup_tests::live_worker_count_ignores_non_worker_roles ... ok
test state::dedup_tests::non_worker_passthrough ... ok
test state::dedup_tests::own_slot_reentry ... ok
test state::dedup_tests::second_and_third_live_workers_increment ... ok
test state::dsr_tests::bounded_send_fails_bounded_on_full_channel ... ok
test state::dsr_tests::bounded_send_succeeds_when_drained_within_deadline ... ok
test state::dsr_tests::bounded_send_success_and_disconnect ... ok
test state::dsr_tests::completed_query_is_not_double_counted ... ok
test state::dsr_tests::multi_dsr_queries_get_one_response_each ... ok
test state::dsr_tests::split_query_across_chunks_is_carried ... ok
test state::dsr_tests::zero_queries_yield_no_response ... ok
test state::panic_isolation_tests::dsr_response_survives_isolation ... ok
test state::panic_isolation_tests::normal_chunk_does_not_report_panic ... ok
test state::panic_isolation_tests::parser_survives_and_processes_after_panic ... 
thread 'state::panic_isolation_tests::parser_survives_and_processes_after_panic' (49804) panicked at C:\Users\runneradmin\.cargo\registry\src\index.crates.io-1949cf8c6b5b557f\vt100-0.15.2\src\screen.rs:977:22:
called `Option::unwrap()` on a `None` value
ok
test state::panic_isolation_tests::reinit_preserves_rows_cols ... 
thread 'state::panic_isolation_tests::reinit_preserves_rows_cols' (49808) panicked at C:\Users\runneradmin\.cargo\registry\src\index.crates.io-1949cf8c6b5b557f\vt100-0.15.2\src\screen.rs:977:22:
called `Option::unwrap()` on a `None` value
ok
test state::panic_isolation_tests::row89_sequence_is_contained_not_propagated ... 
thread 'state::panic_isolation_tests::row89_sequence_is_contained_not_propagated' (49812) panicked at C:\Users\runneradmin\.cargo\registry\src\index.crates.io-1949cf8c6b5b557f\vt100-0.15.2\src\screen.rs:977:22:
called `Option::unwrap()` on a `None` value
ok
test state::r2f_dm2_tests::r2f_dm2_both_now_epoch_bodies_read_the_clock_through_epoch_secs_us_source_pin ... ok
test state::r2f_dm2_tests::r2f_dm2_epoch_secs_us_survives_the_default_json_parser_on_the_100ns_and_1ns_grids ... ok
test state::r2f_dm2_tests::r2f_dm2_epoch_secs_us_truth_table ... ok
test state::r2f_dm2_tests::r2f_dm2_handoff_marks_with_the_same_instant_are_told_apart_by_sequence ... ok
test state::r2f_dm2_tests::r2f_dm2_quiet_window_rule_and_retry_core ... ok
test state::r2f_dm2_tests::r2f_dm2_test_rm_rf_policy_is_strict_on_unix_and_retries_then_ignores_elsewhere ... ok
test state::r2f_dm_state_dir_tests::r2f_dm_fs_socket_state_dir_is_the_parent_and_pipes_fall_through ... ok
test state::r2f_dm_state_dir_tests::r2f_dm_is_pipe_name_path_truth_table ... ok
test state::r2f_dm_state_dir_tests::r2f_dm_state_dir_product_branches_are_byte_identical_and_test_branch_lives_only_in_windows ... ok
test state::reflect_queue_tests::q3_transition_at_truth_table ... ok
test state::reflect_queue_tests::q3_wal_duplicate_resolves_by_persisted_transition_time_not_by_file ... ok
test state::tests::alert_discourse_reason_classifies_discourse_but_passes_real_errors ... ok
test state::tests::alert_machinery_echo_never_reaches_interlock ... ok
test state::tests::ansi_incomplete_csi ... ok
test state::tests::ansi_incomplete_csi_boundary_terminators ... ok
test state::tests::ansi_incomplete_esc_alone ... ok
test state::tests::ansi_incomplete_osc ... ok
test state::tests::ansi_incomplete_osc_st_requires_full_two_bytes ... ok
test state::tests::ansi_incomplete_two_byte_sequences ... ok
test state::tests::c5_starved_hint_corrected_text_and_legacy_branch ... ok
test state::tests::c5_starved_payload_adds_diag_and_remedy_keys_and_keeps_old_keys ... ok
test state::tests::c_inject_backstop_sanitizes_fence_markers_in_body ... ok
test state::tests::c_mirror_screen_modes_tracks_bracketed_paste ... ignored, 좌석 명령이 POSIX 셸 문법
test state::tests::caller_env_cannot_forge_the_config_dir_trust_flag ... ok
test state::tests::consecutive_submits_keep_the_gap_between_returns ... ok
test state::tests::create_surface_master_stamps_claimed_at ... ok
test state::tests::create_surface_with_env_records_env_injected_flag ... ok
test state::tests::data_after_preserves_order_against_following_write ... ok
test state::tests::data_after_waits_the_requested_gap_before_writing ... ok
test state::tests::default_health_rules_match_intended_triggers_not_benign ... ok
test state::tests::delta_read_race_is_masked_until_scrollback_has_evicted ... ok
test state::tests::delta_read_race_skips_latest_lines_when_count_lags_scrollback ... ok
test state::tests::discourse_entries_do_not_evict_real_alerts_from_interlock_ring ... ok
test state::tests::discourse_records_feed_interlock_but_not_the_human_alert_view ... ok
test state::tests::drain_osc_keeps_incomplete_tail ... ok
test state::tests::f1_submit_cr_withhold_probe_skips_only_the_cr ... ok
test state::tests::feed_item_resolver_fields_jsonl_compat ... ok
test state::tests::health_alert_event_echoed_into_a_pane_must_not_refire ... ok
test state::tests::ingest_crlf_yields_one_line_no_blank ... ok
test state::tests::ingest_drain_throughput_bench ... [D5 bench] 4MB ANSI-mixed | pre-refactor=718.2533ms refactored=465.1664ms (Δ=-35.2%)
ok
test state::tests::ingest_esc_hold_gives_up_past_128_bytes_anti_stall ... ok
test state::tests::ingest_esc_then_utf8_double_cut_holds_only_clean_prefix ... ok
test state::tests::ingest_holds_incomplete_esc_then_strips_when_complete ... ok
test state::tests::ingest_holds_utf8_multibyte_tail_across_chunks ... ok
test state::tests::ingest_increments_line_count_under_scrollback_lock ... ok
test state::tests::ingest_lf_splits_lines_and_holds_partial ... ok
test state::tests::ingest_lone_cr_is_stripped_frames_concatenate ... ok
test state::tests::ingest_partial_growth_is_capped_at_8192 ... ok
test state::tests::ingest_refactor_output_bit_identical_to_pre_refactor ... ok
test state::tests::ingest_truly_invalid_utf8_is_flushed_not_stuck ... ok
test state::tests::inject_clear_first_emits_ctrl_u_before_paste_then_cr ... ok
test state::tests::inject_clear_first_is_not_interleaved_by_competing_writereq ... ok
test state::tests::inject_does_not_become_a_submit_gap_anchor ... ok
test state::tests::inject_track_handoff_pending_until_an_arm_ends ... ok
test state::tests::inject_without_clear_first_never_emits_ctrl_u ... ok
test state::tests::interlock_record_does_not_reopen_alert_amplification ... ok
test state::tests::is_self_approval_pgid_promotion ... ok
test state::tests::is_self_approval_surface_promotion ... ok
test state::tests::is_self_approval_unattributed_caller_uniform_fail_closed ... ok
test state::tests::jsonl_append_interleaving_corrupts_without_serialization_lock ... ok
test state::tests::korean_real_auth_failure_reaches_recent_health_interlock ... ok
test state::tests::load_queue_state_drops_identityless_entries ... ok
test state::tests::load_queue_state_legacy_synthesizes_id_seq_and_restore_time ... ok
test state::tests::load_queue_state_preserves_file_order_and_new_fields ... ok
test state::tests::mask_health_line_leaves_no_trigger_matchable ... ok
test state::tests::osc_777 ... ok
test state::tests::osc_99_plain ... ok
test state::tests::osc_9_notify ... ok
test state::tests::osc_9_progress_ignored ... ok
test state::tests::packaged_claude_spec_carries_account_isolation_key ... ok
test state::tests::pane_children_inherit_no_bytecode_env ... ok
test state::tests::persist_feed_item_concurrent_smoke_no_corruption ... ok
test state::tests::persist_feed_item_holds_feed_persist_lock_during_write ... ok
test state::tests::pid_alive_self_and_zero ... ok
test state::tests::pipe_slug_dept_differs_from_base_for_isolation ... ok
test state::tests::pipe_slug_maps_base_and_dept_pipes ... ok
test state::tests::queue_delivered_payload_pins_wid_echo_and_wait_clamp ... ok
test state::tests::queue_dropped_payload_pins_existing_keys_and_adds_queue_entry_ids ... ok
test state::tests::queue_enqueued_payload_pins_existing_keys_and_additive_ids ... ok
test state::tests::queue_merge_insert_pos_orders_by_enqueued_at_then_seq ... ok
test state::tests::queue_rehomed_and_migrated_payloads_pin_schema ... ok
test state::tests::queue_reordered_payload_pins_schema ... ok
test state::tests::queue_seq_seeds_from_wal_max_and_persist_load_roundtrip ... ok
test state::tests::queue_starved_payload_pins_schema_and_operator_only_hint ... ok
test state::tests::r6_failed_destination_write_never_deletes_the_source_copy ... [queue] 영속 중단(expired-first) — queue-expired.json 원자 치환 실패: Access is denied. (os error 5) · 원본 보존(다음 틱 재시도)
[queue] 영속 중단(active) — queue-state.json 원자 치환 실패: Access is denied. (os error 5) · 원본 보존(다음 틱 재시도)
[queue] 영속 중단(active) — queue-state.json 원자 치환 실패: Access is denied. (os error 5) · 원본 보존(다음 틱 재시도)
ok
test state::tests::r6_revive_between_the_two_restored_snapshots_never_disappears ... ok
test state::tests::rc15_dept_logdir_slug_matches_rc13_state_dir ... ok
test state::tests::recent_health_ring_is_masked_and_not_refirable ... ok
test state::tests::rehome_into_empty_queue_reports_reordered_false ... ok
test state::tests::rehome_restores_queue_entry_with_original_metadata ... ok
test state::tests::rehome_sorted_merge_places_restored_before_newer_live_entries ... ok
test state::tests::repro_alert_discussion_prose_must_not_fire_alerts ... ok
test state::tests::repro_real_failure_lines_still_fire_alerts ... ok
test state::tests::seat_token_generation_is_bound_to_the_daemon_instance_not_just_the_second ... ok
test state::tests::sibling_cli_path_uses_platform_extension ... ok
test state::tests::strip_removes_cr_and_tab_so_pending_cr_branch_is_dead ... ok
test state::tests::structured_json_error_is_not_treated_as_quoted_mention ... ok
test state::tests::submit_after_gap_enforces_gap_from_program_write_and_never_overwaits ... ok
test state::tests::submit_after_gap_is_immediate_without_a_preceding_program_write ... ok
test state::tests::submit_after_gap_measures_from_actual_write_not_handler_enqueue ... ok
test state::tests::suppression_is_counted_by_reason_not_silent ... ok
test state::tests::triage_wp5_ack_must_not_defeat_the_writer_late_abort ... ok
test state::tests::triage_wp5_guard_must_not_adopt_a_pending_approval_as_its_expectation ... ok
test state::tests::w1_topology_persists_config_dir_and_old_compat ... ok
test state::tests::windows_exec_flag_matches_shell_family ... ok
test state::tests::wp5_expired_payload_pins_hint_and_keys ... ok
test state::tests::wp5_expired_rows_persist_in_separate_file_invisible_to_old_daemon ... ok
test state::tests::wp5_queue_entry_expired_pure_rules ... ok
test state::tests::wp5_r1_cx_inject_caller_abort_prevents_writer_claim ... ok
test state::tests::wp5_r1_cx_inject_committed_claim_survives_generation_change ... ok
test state::tests::wp5_r1_cx_inject_concurrent_write_and_queue_decisions_agree ... ok
test state::tests::wp5_r1_cx_inject_settle_aborts_changed_generation ... ok
test state::tests::wp5_r1_cx_inject_settlement_never_reverses ... ok
test state::tests::wp5_r1_cx_inject_writer_abort_is_seen_by_caller ... ok
test state::tests::wp5_r1_inject_guard_writer_skips_only_when_it_wins_the_race ... ok
test state::tests::wp5_r1_old_daemon_roundtrip_leaves_the_expired_sidecar_intact ... ok
test state::tests::wp5_r2_inject_guard_carries_the_approval_axis_on_every_path ... ok
test state::tests::wp5_r2_new_wal_is_safe_for_an_old_reader ... ok
test state::tests::wp5_r5_crash_between_queue_file_replacements_never_drops_an_entry ... ok
test state::tests::wp5_r5_revive_keeps_a_copy_until_the_active_file_has_it ... ok
test state::tests::wp5_rehome_orders_revived_entry_by_revived_at ... ok
test state::tests::wp5_stale_pending_input_human_is_clamped_after_count_only_reset ... ok
test state::tests::wp5_wal_roundtrip_new_old_new_recomputes_expiry ... ok
test state::tests::writer_loop_terminates_on_all_senders_dropped ... ok
test state::tests::writer_loop_terminates_on_stop_signal_even_with_live_sender ... ok
test state::u10_feed_restart_tests::u10_notice_kind_allowlist_and_ttl_env ... ok
test state::u10_feed_restart_tests::u10_reconcile_decision_table ... ok
test state::u10_feed_restart_tests::u10_reconcile_property_never_panics_never_allows ... ok
test state::u10_feed_restart_tests::u10_restart_closes_orphan_daemon_approval_and_gate ... [cysd] feed 재시작 정리: 고아 화면감지 2건(stale-restart) · 만료 알림 0건(expired-notice) — 서빙 전·allow 0
ok
test state::u10_feed_restart_tests::u10_restart_expires_only_allowlisted_old_notices ... [cysd] feed 재시작 정리: 고아 화면감지 0건(stale-restart) · 만료 알림 5건(expired-notice) — 서빙 전·allow 0
ok
test state::u10_feed_restart_tests::u10_restart_with_corrupt_lines_preserves_them_and_still_reconciles ... [cysd] feed 재시작 정리: 고아 화면감지 1건(stale-restart) · 만료 알림 0건(expired-notice) — 서빙 전·allow 0
ok
test team_gate_tests::u16_base_master_can_propose_and_tier_is_pinned_d ... ok
test team_gate_tests::u16_daemon_response_shape_satisfies_cli_team_gate_ok ... ok
test team_gate_tests::u16_malformed_or_wait_is_rejected_without_side_effects ... ok
test team_gate_tests::u16_non_master_or_unattributed_or_dept_lane_cannot_propose ... ok
test team_gate_tests::u16_one_pending_and_three_per_24h ... ok
test team_gate_tests::u16_only_operator_token_resolves_except_publisher_superseded ... ok
test team_gate_tests::u16_other_kinds_unaffected ... ok
test team_gate_tests::u16_team_proposal_excluded_from_ceo_auto_route_even_when_flag_on ... ok
test team_token_tests::p5_body_changed_after_approval_is_token_body_mismatch ... ok
test team_token_tests::p5_expired_token_is_token_expired ... ok
test team_token_tests::p5_failed_creation_revokes_allow ... ok
test team_token_tests::p5_forged_or_missing_token_refused_with_specific_codes ... ok
test team_token_tests::p5_full_protocol_consume_settle_then_allow_from_publisher_seat ... ok
test team_token_tests::p5_ledger_corrupt_is_refused_not_authorized ... ok
test team_token_tests::p5_other_kinds_ignore_team_token ... ok
test team_token_tests::p5_seat_binding_uses_kernel_identity_not_self_report ... ok
test team_token_tests::p5_token_never_authorizes_deny_and_absent_token_keeps_owner_gui_required ... ok
test team_token_tests::p5_token_without_hook_witness_is_refused ... ok
test team_token_tests::p5_withdrawn_proposal_or_other_proposal_is_refused ... ok
test teamtoken::tests::chatty_child_does_not_deadlock_on_full_pipes ... ok
test teamtoken::tests::judge_carries_refusal_code_and_owner_message_verbatim ... ok
test teamtoken::tests::judge_folds_garbage_and_odd_codes_to_internal_error ... ok
test teamtoken::tests::judge_only_rc0_ok_true_and_expected_code_authorizes ... ok
test teamtoken::tests::missing_module_is_fail_closed ... ok
test teamtoken::tests::values_travel_as_single_equals_args ... ok
test undo::tests::empty_bidirectional_guard_is_noop ... ok
test undo::tests::force_commit_due_uses_injected_clock ... ok
test undo::tests::jump_then_push_truncates_redo_branch ... ok
test undo::tests::overflow_then_undo_points_to_correct_entry ... ok
test undo::tests::undo_entry_serde_roundtrip ... ok
test undo::tests::undo_redo_roundtrip_same_entry ... ok
test update_leftover_sweep_tests::boot_pipeline_quarantines_then_bounds_and_stays_quiet_when_healthy ... ok
test update_leftover_sweep_tests::broken_containment_and_broken_bound_each_go_loud ... ok
test update_leftover_sweep_tests::family_membership_matches_exactly_one_binary ... ok
test update_leftover_sweep_tests::freshly_quarantined_item_is_not_aged_even_when_its_content_is_ancient ... ok
test update_leftover_sweep_tests::guard_failed_promotion_freezes_the_family_and_deletes_nothing ... ok
test update_leftover_sweep_tests::guard_holds_everything_loudly_when_no_usable_material_exists ... ok
test update_leftover_sweep_tests::guard_holds_size_passing_torn_canonical_instead_of_sweeping_prevs ... ok
test update_leftover_sweep_tests::guard_holds_truncated_canonical_when_no_material_exists ... ok
test update_leftover_sweep_tests::guard_prefers_new_binary_then_sweeps_the_prevs ... ok
test update_leftover_sweep_tests::guard_promotes_lone_prev_instead_of_deleting_it ... ok
test update_leftover_sweep_tests::guard_promotes_the_newest_prev_by_mtime ... ok
test update_leftover_sweep_tests::guard_refused_truncated_removal_freezes_without_promoting ... ok
test update_leftover_sweep_tests::guard_replaces_truncated_canonical_with_last_working_prev ... ok
test update_leftover_sweep_tests::guard_replaces_truncated_canonical_with_new_binary_first ... ok
test update_leftover_sweep_tests::guard_with_canonical_present_sweeps_prevs_and_deletes_new ... ok
test update_leftover_sweep_tests::healthy_pending_trash_emits_no_warning_only_one_info_line ... ok
test update_leftover_sweep_tests::leftover_rule_matches_installer_forms_only ... ok
test update_leftover_sweep_tests::maintenance_entrypoint_runs_end_to_end_and_converges_to_silence ... ok
test update_leftover_sweep_tests::pe_extent_verdict_separates_torn_from_working ... ok
test update_leftover_sweep_tests::plan_leftover_action_priority_thresholds_and_determinism ... ok
test update_leftover_sweep_tests::plan_suspect_canonical_never_sweeps_material_away ... ok
test update_leftover_sweep_tests::quarantined_name_is_itself_a_leftover ... ok
test update_leftover_sweep_tests::sweep_never_touches_trash_subtree ... ok
test update_leftover_sweep_tests::sweep_quarantines_when_delete_fails_so_runtime_tree_is_empty ... ok
test update_leftover_sweep_tests::sweep_removes_leftovers_and_spares_live_files ... ok
test update_leftover_sweep_tests::sweep_respects_depth_cap ... ok
test update_leftover_sweep_tests::trash_aged_stuck_escalates_at_the_age_threshold ... ok
test update_leftover_sweep_tests::trash_bound_never_reaches_outside_its_own_names ... ok
test update_leftover_sweep_tests::trash_bound_predicate_escalates_only_past_a_threshold ... ok
test update_leftover_sweep_tests::trash_pending_under_bound_is_not_a_warning ... ok
test update_leftover_sweep_tests::trash_processes_oldest_first ... ok
test update_leftover_sweep_tests::trash_reclaim_budget_defers_newest_but_never_hides_them ... ok
test update_leftover_sweep_tests::trash_reclaims_dead_holders_and_still_counts_the_survivors ... ok
test usage::ctx_guard_tests::adv2_r1_1_truly_full_ceo_is_bounded_by_backoff ... ok
test usage::ctx_guard_tests::backoff_doubles_to_7200_cap ... ok
test usage::ctx_guard_tests::bar_never_exceeds_block_cap ... ok
test usage::ctx_guard_tests::cycling_cap_closes_without_off ... ok
test usage::ctx_guard_tests::drop_after_cycle_is_one_strike_per_fire ... ok
test usage::ctx_guard_tests::drop_in_awaiting_resolves_without_strike ... ok
test usage::ctx_guard_tests::drop_inside_after_cycle_window_reports_the_window_peak ... ok
test usage::ctx_guard_tests::early_close_at_stop_cap_after_confirmation ... ok
test usage::ctx_guard_tests::edge_bar_requires_growth_below_the_block_cap ... ok
test usage::ctx_guard_tests::edge_cannot_tell_restore_from_work_so_both_fire_every_cycle ... ok
test usage::ctx_guard_tests::edge_report_is_decided_not_folded ... ok
test usage::ctx_guard_tests::edge_returns_are_counted_until_a_growth_fire ... ok
test usage::ctx_guard_tests::empty_scope_name_is_just_a_scope ... ok
test usage::ctx_guard_tests::executor_single_flight_stale_query ... ok
test usage::ctx_guard_tests::fold_absorbs_unobserved_tail_growth_into_level ... ok
test usage::ctx_guard_tests::frozen_delivery_freezes_awaiting ... ok
test usage::ctx_guard_tests::g3role_1_slow_restore_growth_does_not_fire ... ok
test usage::ctx_guard_tests::guard_constants_are_the_design_values ... ok
test usage::ctx_guard_tests::held_retry_fires_after_backoff_without_new_reports ... ok
test usage::ctx_guard_tests::helper_scope_low_reports_are_not_compactions ... ok
test usage::ctx_guard_tests::i1_min_spacing_property ... ok
test usage::ctx_guard_tests::i2_bounded_latency_property ... ok
test usage::ctx_guard_tests::i3_fire_implies_growth_property ... ok
test usage::ctx_guard_tests::lone_stop_cap_report_is_not_level ... ok
test usage::ctx_guard_tests::marker_is_the_only_clear_signal_session_file_change_does_nothing ... ok
test usage::ctx_guard_tests::measuring_window_closes_by_time_without_reports ... ok
test usage::ctx_guard_tests::min_spacing_600 ... ok
test usage::ctx_guard_tests::near_block_seat_with_slow_growth_keeps_clearing ... ok
test usage::ctx_guard_tests::no_cycle_strike_only_at_next_fire ... ok
test usage::ctx_guard_tests::not_cleared_marker_is_not_a_cycle_end ... ok
test usage::ctx_guard_tests::notes_carry_publish_materials_without_outside_reads ... ok
test usage::ctx_guard_tests::r1v3_1_edge_and_stuck_loops_are_numerically_bounded ... ok
test usage::ctx_guard_tests::r1v3_1_return_above_stop_cap_fires_once_per_cycle_bounded_by_spacing ... ok
test usage::ctx_guard_tests::r1v3_1_small_steady_work_is_bounded_by_growth ... ok
test usage::ctx_guard_tests::r1v3_2_duplicate_delivery_after_the_cycle_is_stale ... ok
test usage::ctx_guard_tests::r1v42_1_edge_mark_is_scoped_and_below_growth_fires_count_as_returns ... ok
test usage::ctx_guard_tests::r1v42_3_ineffective_episode_survives_effective_fires_and_restarts_after_a_24h_gap ... ok
test usage::ctx_guard_tests::r1v4_1_edge_episode_survives_growth_fires_and_restarts_only_after_a_24h_gap ... ok
test usage::ctx_guard_tests::r3v3_1_honest_self_report_is_untouched ... ok
test usage::ctx_guard_tests::r3v3_1_stuck_self_report_backs_off_instead_of_looping ... ok
test usage::ctx_guard_tests::redeliver_only_while_the_fire_is_unresolved ... ok
test usage::ctx_guard_tests::retry_still_fires_when_the_latest_observation_is_above_the_bar ... ok
test usage::ctx_guard_tests::rnc4_1_ended_cycle_releases_the_no_cycle_backoff_hold ... ok
test usage::ctx_guard_tests::rnc4_1_seat_returning_after_absence_is_cleared_below_the_blocking_point ... ok
test usage::ctx_guard_tests::rnc5_1_sparse_chunks_on_autocompact_off_seat_are_cleared_below_the_blocking_point ... ok
test usage::ctx_guard_tests::rnc6_1_first_report_at_or_above_stop_cap_after_the_window_is_decided_not_folded ... ok
test usage::ctx_guard_tests::rnc6_1_single_step_chunks_after_the_window_are_cleared_below_the_blocking_point ... ok
test usage::ctx_guard_tests::role_g2_growth_fire_from_r81_to_r84_is_not_an_edge_return ... ok
test usage::ctx_guard_tests::role_r4_1_roomy_master_with_held_backlog_keeps_clearing ... ok
test usage::ctx_guard_tests::rr2_role_1_retry_after_unmarked_clear_judges_the_latest_observation ... ok
test usage::ctx_guard_tests::rr3_r1_1_idle_floor_does_not_refire_without_growth ... ok
test usage::ctx_guard_tests::rv2_role_1_mid_turn_compaction_keeps_clearing ... ok
test usage::ctx_guard_tests::rv2nc_e20_1_idle_recurring_backlog_does_not_loop ... ok
test usage::ctx_guard_tests::rv2nc_e20_2_input_during_restore_keeps_clearing ... ok
test usage::ctx_guard_tests::rv2nc_e20_3_failed_cycle_refires_after_backoff ... ok
test usage::ctx_guard_tests::rv3nc_1_roomy_seat_long_turn_after_held_backlog_never_locks ... ok
test usage::ctx_guard_tests::rv3nc_2_late_reply_after_backlog_does_not_loop ... ok
test usage::ctx_guard_tests::rv3nc_3_autocompact_off_is_cleared_below_the_blocking_point ... ok
test usage::ctx_guard_tests::scope_is_the_session_file_stem ... ok
test usage::ctx_guard_tests::self_report_axis_is_measured_after_cycle_by_its_own_first_report ... ok
test usage::ctx_guard_tests::self_report_seat_clear_is_seen_by_marker_without_drop ... ok
test usage::ctx_guard_tests::stale_first_report_is_not_a_compaction_baseline ... ok
test usage::ctx_guard_tests::tick_never_reads_self_report_stale_value ... ok
test usage::ctx_guard_tests::timeout_is_tentative_and_late_marker_resets_strikes ... ok
test usage::ctx_guard_tests::unknown_marker_ends_the_cycle_without_confirming_the_clear ... ok
test usage::ctx_guard_tests::v41nc_1_honest_regrowth_to_c_after_a_cycle_is_decided_not_struck ... ok
test usage::ctx_guard_tests::v41nc_1_sparse_honest_self_report_seat_is_cleared_below_the_blocking_point ... ok
test usage::ctx_guard_tests::v41r_2_quiet_decision_ends_the_edge_mark ... ok
test usage::ctx_guard_tests::v42nc_1_confirmed_edge_pair_is_decided_at_or_below_the_stop_cap ... ok
test usage::ctx_guard_tests::v42nc_1_self_report_edge_pair_seat_is_cleared_below_the_blocking_point ... ok
test usage::ctx_guard_tests::window_switch_rebases_level ... ok
test usage::r3_1_verdict_tests::r3_1_kill_switch_truth_table ... ok
test usage::r3_1_verdict_tests::r3_1_not_top_hook_truth_table ... ok
test usage::r3_1_verdict_tests::r3_1_plausible_session_id_bounds ... ok
test usage::r3_1_verdict_tests::r3_1_transcript_fresh_table ... ok
test usage::r3_1_verdict_tests::r3_1_verdict_fresh_and_hook_origin ... ok
test usage::r3_1_verdict_tests::r3_1_verdict_lineage_is_last_and_lazy ... ok
test usage::r3_1_verdict_tests::r3_1_verdict_table ... ok
test usage::tests::agy_csrf_backoff_is_per_pid_and_expires ... ok
test usage::tests::agy_csrf_rejection_is_its_own_code_and_outranks_the_rest ... ok
test usage::tests::agy_log_path_is_picked_from_lsof_names ... ok
test usage::tests::agy_ls_https_port_is_read_from_the_log_line ... ok
test usage::tests::agy_lsof_args_and_the_pid_with_the_listen_filter ... ok
test usage::tests::agy_lsof_calls_are_time_bounded ... ok
test usage::tests::agy_probe_outcomes_are_classified_not_swallowed ... ok
test usage::tests::agy_quota_empty_on_no_groups_or_3p_only ... ok
test usage::tests::agy_quota_parses_gemini_group_only ... ok
test usage::tests::b3_rate_carryover_keeps_the_observation_time_and_the_attributed_account ... ok
test usage::tests::b6_default_max_session_age_is_fifteen_minutes ... ok
test usage::tests::b6_file_fixtures_are_classified_by_real_mtime ... ok
test usage::tests::b6_future_mtime_from_clock_skew_is_treated_as_fresh ... ok
test usage::tests::b6_guard_sits_after_statusline_return_and_clears_numbers ... ok
test usage::tests::b6_idle_stale_clears_previous_snapshot_without_new_lines ... ok
test usage::tests::b6_rediscovery_prefers_deterministic_lsof_over_heuristic ... ok
test usage::tests::b6_registered_mapping_and_disabled_knob_are_always_fresh ... ok
test usage::tests::b6_stale_heuristic_mapping_is_not_fresh ... ok
test usage::tests::b6_stale_reset_forces_rediscovery_next_tick ... ok
test usage::tests::b6_stale_snapshot_carries_no_numbers_but_keeps_provenance ... ok
test usage::tests::claude_ctx_is_input_plus_both_caches_excluding_output ... ok
test usage::tests::claude_message_cost_parse ... ok
test usage::tests::claude_non_assistant_and_zero_usage_skipped ... ok
test usage::tests::claude_sidechain_lines_are_excluded ... ok
test usage::tests::claude_window_default_and_1m_variant ... ok
test usage::tests::codex_full_event_yields_ctx_and_both_rate_windows ... ok
test usage::tests::codex_non_token_count_lines_skipped ... ok
test usage::tests::codex_rate_only_event_keeps_ctx_none ... ok
test usage::tests::codex_token_count_cost_and_model ... ok
test usage::tests::consumption_today_recent_sparkline_reset ... ok
test usage::tests::external_eligible_requires_recent_activity_and_no_pane_candidate ... ok
test usage::tests::external_role_maps_profile_dirs ... ok
test usage::tests::fatal_fix_agy_collector_points_to_the_statusline_where_rpc_cannot_work ... ok
test usage::tests::fatal_fix_agy_collector_tick_never_waits_on_the_accounts_lock ... ok
test usage::tests::fatal_fix_rate_window_liveness_pins ... ok
test usage::tests::munge_matches_observed_directory_names ... ok
test usage::tests::pct_rounds_and_caps ... ok
test usage::tests::read_new_lines_handles_partial_lines_and_truncation ... ok
test usage::tests::rollout_first_line_cwd_reads_session_meta ... ok
test usage::tests::window_labels_match_known_codex_windows ... ok
test write_stall_tests::event_stream_is_exempt_from_write_stall ... ok
test write_stall_tests::non_reading_client_connection_is_reclaimed ... [cysd] write-stall: 응답을 읽지 않는 연결을 닫았다 — write stalled 0s (17/53 bytes sent) · 누적 1회 (해제 CYS_CONN_WRITE_STALL_SECS=0)
ok
test write_stall_tests::non_reading_client_of_parse_errors_is_reclaimed ... [cysd] write-stall: 응답을 읽지 않는 연결을 닫았다 — write stalled 0s (72/119 bytes sent) · 누적 2회 (해제 CYS_CONN_WRITE_STALL_SECS=0)
ok
test write_stall_tests::non_reading_client_persists_without_the_cap_instrument_validity ... ok
test write_stall_tests::single_reply_sites_all_carry_the_write_stall ... ok
test write_stall_tests::slow_but_progressing_reader_is_not_cut ... ok
test write_stall_tests::stream_paths_do_not_carry_the_write_stall ... ok
test write_stall_tests::write_stall_cap_rollback_knob ... ok
test write_stall_tests::write_stall_default_leaves_release_margin ... ok

test result: ok. 1853 passed; 0 failed; 47 ignored; 0 measured; 2 filtered out; finished in 846.95s

